Run Accession,Year,Study Accession,Isolation Source,Country,ST,Resistance Genes Detected
ERR10710700,2021,PRJEB58617,"Pus
",Republic of Djibouti,2,"aac(6')-Ib', aadA1, ant(3'')-IIa, aph(3'')-Ib, aph(3')-Ia, aph(6)-Id, armA, blaADC-30, blaNDM-1, blaOXA-23, blaOXA-66, ble, catB8, mph(E), msr(E), qacEdelta1, sul1, sul2"
ERR10710702,2021,PRJEB58617,"Pus 
",Republic of Djibouti,2,"aac(6')-Ib', aadA1, ant(3'')-IIa, aph(3'')-Ib, aph(3')-Ia, aph(6)-Id, armA, blaADC-30, blaNDM-1, blaOXA-23, blaOXA-66, ble, catB8, mph(E), msr(E), qacEdelta1, sul1, sul2"
ERR10710703,2021,PRJEB58617,"Blood
",Republic of Djibouti,2,"aac(6')-Ib', aadA1, ant(3'')-IIa, aph(3'')-Ib, aph(3')-Ia, aph(6)-Id, armA, blaADC-30, blaNDM-1, blaOXA-23, blaOXA-66, ble, catB8, mph(E), msr(E), qacEdelta1, sul1, sul2"
ERR10710705,2021,PRJEB58617,Protected specimen brushing (PSB) ,Republic of Djibouti,2,"aac(6')-Ib', aadA1, ant(3'')-IIa, aph(3'')-Ib, aph(3')-Ia, aph(6)-Id, armA, blaADC-30, blaNDM-1, blaOXA-23, blaOXA-66, ble, catB8, mph(E), msr(E), qacEdelta1, sul1, sul2"
ERR10710706,2021,PRJEB58617,Cerebrospinal fluid (CSF),Republic of Djibouti,1,"aac(3)-Ia, aadA1, ant(3'')-IIa, aph(3'')-Ib, aph(3')-Ia, aph(6)-Id, blaADC-191, blaNDM-1, blaOXA-23, blaOXA-69, ble, dfrA1, qacEdelta1, sat2, sul1, sul2, tet(B)"
ERR10710707,2021,PRJEB58617,Pus,Republic of Djibouti,2,"aac(6')-Ib', aadA1, ant(3'')-IIa, aph(3'')-Ib, aph(3')-Ia, aph(6)-Id, armA, blaADC-30, blaNDM-1, blaOXA-23, blaOXA-66, ble, catB8, mph(E), msr(E), qacEdelta1, sul1, sul2"
ERR10710709,2021,PRJEB58617,Pus,Republic of Djibouti,2,"aac(6')-Ib', aadA1, ant(3'')-IIa, aph(3'')-Ib, aph(3')-Ia, aph(6)-Id, armA, blaADC-30, blaNDM-1, blaOXA-23, blaOXA-66, ble, catB8, mph(E), msr(E), qacEdelta1, sul1, sul2"
ERR10782663,2021,PRJEB58695,,Nigeria,-,"ant(3'')-IIa, blaADC, blaOXA-64"
ERR10782668,2022,PRJEB58695,Rectal swab,Nigeria,-,"ant(3'')-IIa, blaADC-248, blaOXA-65, fos"
ERR10782671,2022,PRJEB58695,Rectal swab,Nigeria,103,"ant(3'')-IIa, aph(3')-VIa, blaADC-203, blaNDM-1, blaOXA-23, blaOXA-70, ble, tet(39)"
ERR10782676,2022,PRJEB58695,Rectal swab,Nigeria,409,"aac(3)-Ia, aadA1, ant(3'')-IIa, aph(3')-VIa, blaADC-78, blaOXA-23, blaOXA-69, sul1"
ERR10782680,2021,PRJEB58695,Blood,Nigeria,2214,"ant(3'')-IIa, blaADC-99, blaOXA-98, sul2"
ERR10782688,2021,PRJEB58695,Blood,Nigeria,126,"ant(2'')-Ia, ant(3'')-IIa, aph(3')-Ia, blaADC-50, blaNDM-1, blaOXA-64, ble, floR, mph(E), msr(E), tet(39)"
ERR10782695,2021,PRJEB58695,Blood,Nigeria,164,"ant(2'')-Ia, ant(3'')-IIa, blaADC-199, blaADC-52, blaCARB-16, blaOXA-91"
ERR10782717,2021,PRJEB58695,Blood,Nigeria,1828,"ant(3'')-IIa, blaADC-154, blaOXA-441"
ERR10782743,2021,PRJEB58695,Blood,Nigeria,-,"ant(3'')-IIa, blaADC-165, blaOXA-51"
ERR10783123,2022,PRJEB58695,Rectal swab,Nigeria,2215,"ant(3'')-IIa, blaADC-99, blaOXA, fos, sul2"
ERR10783128,2022,PRJEB58695,Rectal swab,Nigeria,821,"aac(3)-IId, ant(3'')-IIa, aph(3'')-Ib, aph(6)-Id, blaADC-32, blaNDM-1, blaOXA-378, blaOXA-58, ble, dfrA1, floR, sul2"
ERR10783132,2022,PRJEB58695,Rectal swab,Nigeria,-,"aac(3)-Ia, aadA1, ant(3'')-IIa, aph(3')-VIa, blaADC-78, blaOXA-23, blaOXA-69, qacEdelta1, sul1"
ERR10783138,2021,PRJEB58695,Blood,Nigeria,1464,"ant(3'')-IIa, blaADC-154, blaOXA-441"
ERR10783144,2021,PRJEB58695,Blood,Nigeria,973,"aac(3)-IId, aac(6')-Ib4, ant(3'')-IIa, aph(3'')-Ib, aph(3')-VIa, aph(6)-Id, arr-3, blaADC-80, blaNDM-1, blaOXA-94, ble, dfrA44, floR, mph(E), msr(E), qacEdelta1, sul1, sul2, tet(X3)"
ERR10783153,2022,PRJEB58695,Rectal swab,Nigeria,409,"aac(3)-Ia, aadA1, ant(3'')-IIa, aph(3')-VIa, blaADC-78, blaOXA-23, blaOXA-69, qacEdelta1, sul1"
ERR10783156,2022,PRJEB58695,Rectal swab,Nigeria,32,"aac(3)-IId, ant(2'')-Ia, ant(3'')-IIa, aph(3'')-Ib, aph(3')-Ia, aph(3')-VI, aph(6)-Id, blaADC-79, blaNDM-1, blaOXA-100, ble, dfrA20, mph(E), msr(E), sul2, tet(39)"
ERR10783159,2022,PRJEB58695,Rectal swab,Nigeria,103,"ant(3'')-IIa, aph(3')-VIa, blaADC-203, blaNDM-1, blaOXA-23, blaOXA-70, ble, tet(39)"
ERR10783163,2022,PRJEB58695,Rectal swab,Nigeria,409,"aac(3)-Ia, aadA1, ant(3'')-IIa, aph(3')-VIa, blaADC-78, blaOXA-23, blaOXA-69, qacEdelta1, sul1"
ERR10783166,2022,PRJEB58695,Rectal swab,Nigeria,221,"ant(3'')-IIa, blaADC-248, blaOXA-65, fos"
ERR10783178,2021,PRJEB58695,,Nigeria,973,"aac(3)-IId, aac(6')-Ib4, ant(3'')-IIa, aph(3'')-Ib, aph(3')-VIa, aph(6)-Id, arr-3, blaADC-80, blaNDM-1, blaOXA-94, ble, dfrA44, floR, mph(E), msr(E), qacEdelta1, sul1, sul2, tet(X3)"
ERR10787957,2021,PRJEB58695,Blood,Nigeria,2227,"ant(3'')-IIa, blaADC-154, blaOXA-441"
ERR10787959,2021,PRJEB58695,Blood,Nigeria,-,"ant(3'')-IIa, blaADC-165, blaOXA-51"
ERR10787961,2021,PRJEB58695,Blood,Nigeria,973,"aac(3)-IId, aac(6')-Ib4, ant(3'')-IIa, aph(3'')-Ib, aph(3')-VIa, aph(6)-Id, arr-3, blaADC, blaNDM-1, blaOXA-94, ble, dfrA44, floR, mph(E), msr(E), qacEdelta1, sul1, sul2, tet(X3)"
ERR10788033,2022,PRJEB58695,Rectal swab,Nigeria,622,"ant(3'')-IIa, aph(3'')-Ib, aph(3')-VIa, aph(6)-Id, armA, arr-2, blaADC-26, blaNDM-1, blaOXA-104, blaOXA-23, ble, cmlA5, mph(E), msr(E), qacEdelta1, sul1, sul2"
ERR10788115,2021,PRJEB58695,Blood,Nigeria,78,"aadA1, ant(2'')-Ia, ant(3'')-IIa, aph(3')-Ia, blaADC-52, blaCARB-16, blaOXA-90, dfrA1, mph(E), msr(E), sat2, sul2, tet(39), tet(B)"
ERR10788118,2021,PRJEB58695,Blood,Nigeria,516,"ant(3'')-IIa, blaADC, blaOXA, sul2"
ERR10788121,2021,PRJEB58695,Blood,Nigeria,1,"aac(3)-Ia, aadA1, ant(3'')-IIa, aph(3'')-Ib, aph(3')-Ia, aph(3')-VIa, aph(6)-Id, blaADC-191, blaNDM-1, blaOXA-23, blaOXA-69, ble, dfrA1, qacEdelta1, sat2, sul1, sul2, tet(B)"
ERR10794274,2022,PRJEB58695,Sputum,Nigeria,-,"ant(2'')-Ia, ant(3'')-IIa, aph(3')-Ia, blaADC-50, blaNDM-1, blaOXA-64, ble, floR, mph(E), msr(E), tet(39)"
ERR10794308,2021,PRJEB58695,,Nigeria,973,"aac(3)-IId, aac(6')-Ib4, ant(3'')-IIa, aph(3'')-Ib, aph(3')-VIa, aph(6)-Id, arr-3, blaADC-80, blaNDM-1, blaOXA-94, ble, dfrA44, floR, mph(E), msr(E), qacEdelta1, sul1, sul2, tet(X3)"
ERR10794316,2022,PRJEB58695,stool,Nigeria,32,"aac(3)-IId, ant(2'')-Ia, ant(3'')-IIa, aph(3'')-Ib, aph(3')-Ia, aph(3')-VI, aph(6)-Id, blaADC-79, blaNDM-1, blaOXA-100, blaOXA-58, ble, dfrA20, mph(E), msr(E), sul2"
ERR10794327,2022,PRJEB58695,,Nigeria,622,"ant(3'')-IIa, aph(3'')-Ib, aph(3')-VIa, aph(6)-Id, armA, arr-2, blaADC-26, blaNDM-1, blaOXA-104, blaOXA-23, ble, cmlA5, mph(E), msr(E), qacEdelta1, sul1, sul2"
ERR10802836,2021,PRJEB58695,,Nigeria,1464,"ant(3'')-IIa, blaADC-154, blaOXA-441"
ERR10802837,2022,PRJEB58695,,Nigeria,103,"ant(3'')-IIa, aph(3')-VIa, blaADC-203, blaNDM-1, blaOXA-23, blaOXA-70, ble, tet(39)"
ERR10805899,2021,PRJEB58695,Blood,Nigeria,-,"ant(3'')-IIa, blaADC-165, blaOXA-51"
ERR10808103,2022,PRJEB58695,Urine,Nigeria,409,"aac(3)-Ia, aadA1, ant(3'')-IIa, aph(3')-VIa, blaOXA-23, blaOXA-69, qacEdelta1, sul1"
ERR10808115,2021,PRJEB58695,Blood,Nigeria,-,"ant(3'')-IIa, blaADC-154, blaOXA-217, sul2"
ERR10808136,2022,PRJEB58695,Blood,Nigeria,32,"ant(3'')-IIa, blaADC-79, blaOXA-100"
ERR10809417,2022,PRJEB58695,Urine,Nigeria,409,"aac(3)-Ia, aadA1, ant(3'')-IIa, aph(3')-VIa, blaADC-78, blaOXA-23, blaOXA-69, qacEdelta1, sul1"
ERR10809418,2021,PRJEB58695,pleural aspirate,Nigeria,1463,"ant(3'')-IIa, blaADC-32, blaOXA-65"
ERR10812834,2021,PRJEB58695,Rectal swab,Nigeria,516,"ant(3'')-IIa, blaADC-6, blaOXA-67"
ERR10812835,2022,PRJEB58695,Urine,Nigeria,-,"ant(3'')-IIa, aph(3'')-Ib, aph(3')-VIa, aph(6)-Id, armA, arr-2, blaADC-26, blaNDM-1, blaOXA-104, blaOXA-23, ble, cmlA5, fos, mph(E), msr(E), qacEdelta1, sul1, sul2"
ERR10812836,2022,PRJEB58695,Urine,Nigeria,149,"ant(3'')-IIa, aph(3'')-Ib, aph(3')-VIa, aph(6)-Id, armA, arr-2, blaADC-26, blaNDM-1, blaOXA-104, blaOXA-23, ble, cmlA5, fos, mph(E), msr(E), qacEdelta1, sul1, sul2"
ERR10812837,2022,PRJEB58695,Wound,Nigeria,10,"ant(2'')-Ia, ant(3'')-IIa, blaADC, blaOXA, blaOXA-23"
ERR10812838,2022,PRJEB58695,Wound,Nigeria,10,"ant(2'')-Ia, ant(3'')-IIa, blaADC, blaOXA-23, blaOXA-68"
ERR10812839,2021,PRJEB58695,Rectal swab,Nigeria,126,"ant(2'')-Ia, ant(3'')-IIa, aph(3')-Ia, blaADC-50, blaNDM-1, blaOXA-64, ble, floR, mph(E), msr(E), tet(39)"
ERR10812840,2021,PRJEB58695,Rectal swab,Nigeria,164,"ant(2'')-Ia, ant(3'')-IIa, blaADC-52, blaOXA-91, blaRTG"
ERR10812841,2021,PRJEB58695,Rectal swab,Nigeria,-,"aac(3)-IId, ant(3'')-IIa, aph(3'')-Ib, aph(6)-Id, blaADC, blaNDM-1, blaOXA, blaOXA-58, ble, floR, sul2, tet(39)"
ERR10812867,2022,PRJEB58695,Wound,Nigeria,32,"aac(3)-IId, ant(2'')-Ia, ant(3'')-IIa, aph(3'')-Ib, aph(3')-Ia, aph(3')-VI, aph(6)-Id, blaADC-79, blaNDM-1, blaOXA-100, blaOXA-58, ble, dfrA20, mph(E), msr(E), sul2"
ERR10812868,2022,PRJEB58695,Wound,Nigeria,2215,"ant(3'')-IIa, blaADC-99, blaOXA, fos, sul2"
ERR10812869,2021,PRJEB58695,Rectal swab,Nigeria,-,"ant(3'')-IIa, blaADC-238, blaOXA"
ERR10812870,2021,PRJEB58695,Rectal swab,Nigeria,-,"ant(3'')-IIa, blaADC-165, blaOXA-51"
ERR10812871,2021,PRJEB58695,Rectal swab,Nigeria,821,"ant(3'')-IIa, blaADC, blaOXA-378"
ERR10812872,2021,PRJEB58695,,Nigeria,2177,"ant(3'')-IIa, blaADC, blaOXA-1076, fos"
ERR10812873,2021,PRJEB58695,Rectal swab,Nigeria,-,"ant(3'')-IIa, blaADC-99, fos, sul2"
ERR10820997,2022,PRJEB58695,Wound,Nigeria,32,"aac(3)-IId, ant(2'')-Ia, ant(3'')-IIa, aph(3'')-Ib, aph(3')-Ia, aph(3')-VI, aph(6)-Id, blaADC, blaNDM-1, blaOXA-100, blaOXA-58, ble, dfrA20, mph(E), msr(E), sul2, tet(39)"
ERR10852925,2021,PRJEB58695,Rectal swab,Nigeria,-,"ant(3'')-IIa, blaADC, blaOXA-64"
ERR10852926,2021,PRJEB58695,Rectal swab,Nigeria,-,"aac(3)-IId, ant(3'')-IIa, aph(3'')-Ib, aph(6)-Id, blaADC, blaNDM-1, blaOXA, blaOXA-58, ble, floR, sul2, tet(39)"
ERR10852929,2022,PRJEB58695,,Nigeria,221,"ant(3'')-IIa, blaADC-248, blaOXA-65, fos"
ERR10852931,2022,PRJEB58695,,Nigeria,10,"ant(2'')-Ia, ant(3'')-IIa, blaADC, blaOXA-23, blaOXA-68, lnu(A)"
ERR10852932,2021,PRJEB58695,Rectal swab,Nigeria,1464,"ant(3'')-IIa, blaADC-154, blaOXA-78"
ERR10852933,2021,PRJEB58695,,Nigeria,1,"aac(3)-Ia, aadA1, ant(3'')-IIa, aph(3'')-Ib, aph(3')-Ia, aph(6)-Id, blaADC-191, blaNDM-1, blaOXA-23, blaOXA-69, ble, dfrA1, qacEdelta1, sat2, sul1, sul2, tet(B)"
ERR10852935,2021,PRJEB58695,,Nigeria,2177,"ant(3'')-IIa, blaADC, blaOXA-1076, fos"
ERR10852936,2022,PRJEB58695,,Nigeria,149,"ant(3'')-IIa, aph(3'')-Ib, aph(3')-VIa, aph(6)-Id, armA, arr-2, blaADC-26, blaNDM-1, blaOXA-104, blaOXA-23, ble, cmlA5, fos, mph(E), msr(E), qacEdelta1, sul1, sul2"
ERR10852938,2022,PRJEB58695,,Nigeria,10,"ant(2'')-Ia, ant(3'')-IIa, blaADC, blaOXA-23, blaOXA-68, lnu(A)"
ERR10852993,2022,PRJEB58695,,Nigeria,10,"ant(2'')-Ia, ant(3'')-IIa, blaADC, blaADC-76, blaOXA-23, blaOXA-68, lnu(A)"
ERR10852995,2022,PRJEB58695,,Nigeria,409,"aac(3)-Ia, aadA1, ant(3'')-IIa, aph(3')-VIa, blaADC-78, blaOXA-23, blaOXA-69, qacEdelta1, sul1"
ERR10852996,2021,PRJEB58695,Rectal swab,Nigeria,2029,"ant(3'')-IIa, blaADC-154, blaOXA-120"
ERR10853648,2021,PRJEB58695,Rectal swab,Nigeria,2199,"ant(3'')-IIa, blaADC-269, blaOXA-337"
ERR10854234,2021,PRJEB58695,Rectal swab,Nigeria,1828,"ant(3'')-IIa, blaADC-154, blaOXA-441"
ERR10854472,2021,PRJEB58695,Rectal swab,Nigeria,-,"ant(3'')-IIa, blaADC-165, blaOXA-51"
ERR10854473,2021,PRJEB58695,Rectal swab,Nigeria,-,"ant(3'')-IIa, blaADC-165, blaOXA-51"
ERR10854474,2021,PRJEB58695,Rectal swab,Nigeria,-,"ant(3'')-IIa, blaADC-165, blaOXA-51"
ERR10854475,2021,PRJEB58695,Rectal swab,Nigeria,32,"ant(3'')-IIa, blaADC-79, blaOXA-100"
ERR10854476,2021,PRJEB58695,Rectal swab,Nigeria,203,"ant(3'')-IIa, sul2"
ERR10854480,2021,PRJEB58695,Rectal swab,Nigeria,32,"ant(3'')-IIa, blaADC-79, blaOXA-100"
ERR10854483,2021,PRJEB58695,Rectal swab,Nigeria,32,"ant(3'')-IIa, blaADC-79, blaOXA-100"
ERR10854484,2021,PRJEB58695,Rectal swab,Nigeria,2215,"ant(3'')-IIa, blaADC-99, blaOXA, fos, sul2"
ERR3569448,2017,PRJEB34692,clinical material,South Africa,1,"aac(3)-Ia, aadA1, ant(3'')-IIa, aph(3'')-Ib, aph(3')-Ia, aph(6)-Id, armA, arr-2, blaADC, blaNDM-1, blaOXA-23, blaOXA-69, blaPER-7, ble, cmlA5, dfrA1, mph(E), msr(E), sat2, sul1, sul2, tet(B)"
ERR3569449,2017,PRJEB34692,clinical material,South Africa,1,"aac(3)-Ia, aadA1, ant(3'')-IIa, aph(3'')-Ib, aph(3')-Ia, aph(6)-Id, armA, arr-2, blaADC, blaNDM-1, blaOXA-23, blaOXA-69, blaPER-7, ble, cmlA5, dfrA1, mph(E), msr(E), sat2, sul1, sul2, tet(B)"
ERR3569450,2017,PRJEB34692,clinical material,South Africa,1,"aac(3)-Ia, aadA1, ant(3'')-IIa, aph(3'')-Ib, aph(3')-Ia, aph(6)-Id, armA, arr-2, blaADC, blaNDM-1, blaOXA-23, blaOXA-69, blaPER-7, ble, cmlA5, dfrA1, mph(E), msr(E), sat2, sul1, sul2, tet(B)"
ERR3569451,2017,PRJEB34692,clinical material,South Africa,1,"aac(3)-Ia, aadA1, ant(3'')-IIa, aph(3'')-Ib, aph(3')-Ia, aph(6)-Id, armA, arr-2, blaADC, blaNDM-1, blaOXA-23, blaOXA-69, blaPER-7, ble, cmlA5, dfrA1, mph(E), msr(E), sat2, sul1, sul2, tet(B)"
ERR4436595,,PRJEB27899,,Morocco,10,"aadA1, ant(2'')-Ia, ant(3'')-IIa, aph(3'')-Ib, aph(6)-Id, blaADC-76, blaOXA-23, blaOXA-58, blaOXA-68, dfrA1, sat2, sul2"
ERR4436596,,PRJEB27899,,Morocco,2,"aac(6')-Ib', aadA1, ant(3'')-IIa, aph(3'')-Ib, aph(3')-Ia, aph(6)-Id, armA, blaADC-73, blaOXA-23, blaOXA-66, blaTEM-1, catB8, mph(E), msr(E), qacEdelta1, sul1, tet(B)"
ERR4436597,,PRJEB27899,,Morocco,2,"aac(6')-Ib', aadA1, ant(3'')-IIa, aph(3'')-Ib, aph(3')-Ia, aph(6)-Id, armA, blaADC-73, blaOXA-23, blaOXA-66, blaTEM-1, catB8, mph(E), msr(E), qacEdelta1, sul1, tet(B)"
ERR4436754,,PRJEB27899,,Egypt,2,"aac(3)-Ia, aac(6')-Ib', aadA1, ant(3'')-IIa, aph(3'')-Ib, aph(3')-Ia, aph(3')-VIa, aph(6)-Id, armA, blaADC-82, blaOXA-23, blaOXA-66, catB8, mph(E), msr(E), qacEdelta1, sul1, tet(B)"
ERR4783167,,PRJEB29739,,Nigeria,-,"aac(3)-Ia, aadA1, ant(3'')-IIa, aph(3'')-Ib, aph(3')-Ia, aph(6)-Id, blaADC-150, blaADC-30, blaOXA, blaOXA-23, blaOXA-66, blaTEM-1, qacEdelta1, sul1, sul2, tet(B)"
ERR4783172,,PRJEB29739,,Nigeria,1093,"ant(2'')-Ia, ant(3'')-IIa, aph(3'')-Ib, aph(6)-Id, blaADC, blaCARB-16, blaNDM-1, blaOXA-58, blaOXA-735, ble, dfrA1, floR, mph(E), msr(E), sul2, tet(39)"
ERR4783180,,PRJEB29739,,Nigeria,85,"ant(2'')-Ia, ant(3'')-IIa, aph(3')-VI, blaADC, blaNDM-1, blaOXA-94, ble, mph(E), msr(E), sul2"
ERR4783186,,PRJEB29739,,Nigeria,2,"aac(3)-Ia, aadA1, ant(3'')-IIa, aph(3'')-Ib, aph(3')-Ia, aph(6)-Id, blaADC-30, blaOXA-23, blaOXA-66, blaTEM-1, qacEdelta1, sul1, sul2, tet(B)"
ERR4783188,,PRJEB29739,,Nigeria,2,"aac(3)-Ia, aadA1, ant(3'')-IIa, aph(3'')-Ib, aph(3')-Ia, aph(6)-Id, blaADC-30, blaOXA-23, blaOXA-66, blaTEM-1, qacEdelta1, sul1, sul2, tet(B)"
ERR4783194,,PRJEB29739,,Nigeria,821,"ant(2'')-Ia, ant(3'')-IIa, aph(3'')-Ib, aph(3')-Ia, aph(6)-Id, blaADC-32, blaMCA, blaOXA-378, blaOXA-420, dfrA20, mph(E), msr(E), sul2, tet(39)"
ERR4783195,,PRJEB29739,,Nigeria,2,"aac(3)-Ia, aadA1, ant(3'')-IIa, aph(3'')-Ib, aph(3')-Ia, aph(6)-Id, blaADC-30, blaOXA-23, blaOXA-66, blaTEM-1, qacEdelta1, sul1, sul2, tet(B)"
ERR4783200,,PRJEB29739,,Nigeria,267,"ant(3'')-IIa, blaADC-291, blaOXA-180, fos"
ERR4783203,,PRJEB29739,,Nigeria,2,"aac(3)-Ia, aadA1, ant(3'')-IIa, aph(3'')-Ib, aph(3')-Ia, aph(6)-Id, blaADC-30, blaOXA-23, blaOXA-66, blaTEM-1, qacEdelta1, sul1, sul2, tet(B)"
ERR4783208,,PRJEB29739,,Nigeria,85,"ant(2'')-Ia, ant(3'')-IIa, aph(3')-VI, blaADC-80, blaNDM-1, blaOXA-94, ble, mph(E), msr(E), sul2"
ERR4783214,,PRJEB29739,,Nigeria,1,"aac(3)-Ia, aadA1, ant(3'')-IIa, aph(3')-Ia, blaADC-78, blaOXA-23, blaOXA-69, blaTEM-1, catA1, qacEdelta1, sul1, tet(A)"
ERR4783216,,PRJEB29739,,Nigeria,2,"aac(3)-Ia, aadA1, ant(3'')-IIa, aph(3'')-Ib, aph(3')-Ia, aph(6)-Id, blaADC-30, blaOXA-23, blaOXA-66, blaTEM-1, qacEdelta1, sul1, sul2, tet(B)"
ERR4783222,,PRJEB29739,,Nigeria,85,"ant(2'')-Ia, ant(3'')-IIa, aph(3')-VI, blaADC-339, blaNDM-1, blaOXA-94, ble, floR, mph(E), msr(E), sul2"
ERR4783223,,PRJEB29739,,Nigeria,2,"aac(3)-Ia, aadA1, ant(3'')-IIa, aph(3'')-Ib, aph(3')-Ia, aph(6)-Id, blaADC-30, blaOXA-23, blaOXA-66, blaTEM-1, qacEdelta1, sul1, sul2, tet(B)"
ERR4783228,,PRJEB29739,,Nigeria,85,"ant(2'')-Ia, ant(3'')-IIa, aph(3')-VI, blaADC, blaNDM-1, blaOXA-94, ble, floR, mph(E), msr(E), sul2"
ERR4783231,,PRJEB29739,,Nigeria,2,"aac(3)-Ia, aadA1, ant(3'')-IIa, aph(3'')-Ib, aph(3')-Ia, aph(6)-Id, blaADC-30, blaOXA-23, blaOXA-66, blaTEM-1, qacEdelta1, sul1, sul2, tet(B)"
ERR4783239,,PRJEB29739,,Nigeria,2,"aac(3)-Ia, aadA1, ant(3'')-IIa, aph(3'')-Ib, aph(3')-Ia, aph(6)-Id, blaADC-30, blaOXA-23, blaOXA-66, blaTEM-1, qacEdelta1, sul1, sul2, tet(B)"
ERR4783244,,PRJEB29739,,Nigeria,1,"aac(3)-Ia, aadA1, ant(3'')-IIa, aph(3'')-Ib, aph(3')-Ia, aph(3')-VIa, aph(6)-Id, blaADC-191, blaNDM-1, blaOXA-23, blaOXA-69, ble, dfrA1, qacEdelta1, sat2, sul1, sul2, tet(B)"
ERR4783250,,PRJEB29739,,Nigeria,25,"aac(3)-IIe, aac(6')-Ian, ant(3'')-IIa, aph(3'')-Ib, aph(6)-Id, armA, arr-2, blaADC-26, blaOXA-23, blaOXA-64, blaPER-7, cmlA5, dfrA45, mph(E), msr(E), sul1, sul2, tet(B)"
ERR4783252,,PRJEB29739,,Nigeria,2,"aac(3)-Ia, aadA1, ant(3'')-IIa, aph(3'')-Ib, aph(3')-Ia, aph(6)-Id, blaADC-30, blaOXA-23, blaOXA-66, blaTEM-1, qacEdelta1, sul1, sul2, tet(B)"
ERR4783258,,PRJEB29739,,Nigeria,2,"aac(3)-Ia, aadA1, ant(3'')-IIa, aph(3'')-Ib, aph(3')-Ia, aph(6)-Id, blaADC-30, blaOXA-23, blaOXA-66, blaTEM-1, qacEdelta1, sul1, sul2, tet(B)"
ERR4783259,,PRJEB29739,,Nigeria,25,"aac(3)-IIe, aac(6')-Ian, ant(3'')-IIa, aph(3'')-Ib, aph(6)-Id, armA, arr-2, blaADC-26, blaOXA-23, blaOXA-64, blaPER-7, cmlA5, dfrA45, mph(E), msr(E), qacEdelta1, sul1, sul2, tet(B)"
ERR4783264,,PRJEB29739,,Nigeria,164,"ant(2'')-Ia, ant(3'')-IIa, blaADC-52, blaCARB-16, blaOXA-91, tet(39)"
ERR4783385,,PRJEB29739,,Nigeria,-,"aac(3)-Ia, aadA1, ant(3'')-IIa, aph(3'')-Ib, aph(3')-Ia, aph(6)-Id, blaADC, blaOXA-23, blaOXA-69, blaTEM-1, catA1, qacEdelta1, sul1, sul2, tet(A), tet(B)"
ERR4783387,,PRJEB29739,,Nigeria,85,"ant(2'')-Ia, ant(3'')-IIa, aph(3')-VI, blaADC-80, blaNDM-1, blaOXA-94, ble, mph(E), msr(E), sul2"
ERR4783391,,PRJEB29739,,Nigeria,2,"aac(3)-Ia, aadA1, ant(3'')-IIa, aph(3'')-Ib, aph(3')-Ia, aph(6)-Id, blaADC-30, blaOXA-23, blaOXA-66, blaTEM-1, qacEdelta1, sul1, sul2, tet(B)"
ERR4783394,,PRJEB29739,,Nigeria,-,"aac(3)-IId, ant(2'')-Ia, aph(3'')-Ib, aph(3')-VI, aph(6)-Id, blaADC, blaCARB-16, blaNDM-1, blaOXA-58, blaOXA-94, ble, dfrA1, floR, mph(E), msr(E), sul2, tet(39)"
ERR4783401,,PRJEB29739,,Nigeria,85,"ant(2'')-Ia, ant(3'')-IIa, aph(3')-VI, blaADC-80, blaNDM-1, blaOXA-94, ble, mph(E), msr(E), sul2"
ERR4783411,,PRJEB29739,,Nigeria,85,"ant(2'')-Ia, ant(3'')-IIa, aph(3')-VI, blaADC-80, blaNDM-1, blaOXA-94, ble, floR, mph(E), msr(E), sul2"
ERR4783413,,PRJEB29739,,Nigeria,-,"aac(3)-Ia, aadA1, ant(2'')-Ia, ant(3'')-IIa, aph(3'')-Ib, aph(3')-Ia, aph(6)-Id, blaADC-52, blaCARB-16, blaOXA-23, blaOXA-66, blaTEM-1, qacEdelta1, sul1, sul2, tet(39), tet(B)"
ERR4783415,,PRJEB29739,,Nigeria,-,"aac(3)-Ia, aadA1, ant(3'')-IIa, aph(3'')-Ib, aph(3')-VIa, aph(6)-Id, blaADC-30, blaNDM-1, blaOXA-23, blaOXA-66, blaTEM-1, ble, dfrA1, qacEdelta1, sat2, sul1, sul2, tet(B)"
ERR4783417,,PRJEB29739,,Nigeria,-,"aac(3)-Ia, aadA1, ant(3'')-IIa, aph(3'')-Ib, aph(3')-Ia, aph(6)-Id, blaOXA, blaOXA-23, blaTEM-1, qacEdelta1, sul1, sul2, tet(B)"
ERR4783419,,PRJEB29739,,Nigeria,85,"ant(2'')-Ia, ant(3'')-IIa, aph(3')-VI, blaADC, blaNDM-1, blaOXA-94, ble, mph(E), msr(E), sul2"
ERR4783518,,PRJEB29739,,Nigeria,85,"ant(2'')-Ia, ant(3'')-IIa, aph(3')-VI, blaADC-80, blaNDM-1, blaOXA-94, ble, mph(E), msr(E), sul2"
ERR4919979,2016,PRJEB33565,,Ethiopia,267,"aac(6')-Ib3, aadA2, ant(2'')-Ia, ant(3'')-IIa, aph(3'')-Ib, aph(6)-Id, blaADC-291, blaGES-11, blaOXA, cmlA1, dfrA7, fos, qacEdelta1, sul1"
ERR4919980,2016,PRJEB33565,,Ethiopia,1,"aac(3)-Ia, aadA1, ant(3'')-IIa, aph(3')-Ia, blaADC, blaOXA-69, catA1, qacEdelta1, sul1, tet(A)"
ERR4919981,2016,PRJEB33565,,Ethiopia,1,"aac(3)-Ia, aadA1, ant(3'')-IIa, aph(3')-Ia, blaADC, blaOXA-69, catA1, qacEdelta1, sul1, tet(A)"
ERR4919983,2016,PRJEB33565,,Ethiopia,1,"aac(3)-Ia, aadA1, ant(3'')-IIa, aph(3')-Ia, blaADC, blaOXA-69, catA1, qacEdelta1, sul1, tet(A)"
ERR4919984,2016,PRJEB33565,,Ethiopia,1,"aac(3)-Ia, aadA1, ant(3'')-IIa, aph(3')-Ia, blaADC, blaOXA-69, catA1, qacEdelta1, sul1, tet(A)"
ERR4919985,2016,PRJEB33565,,Ethiopia,1,"aac(3)-Ia, aadA1, ant(3'')-IIa, aph(3')-Ia, blaADC, blaOXA-69, catA1, qacEdelta1, sul1, tet(A)"
ERR4919991,2016,PRJEB33565,,Nigeria,2,"aac(3)-Ia, aadA1, ant(3'')-IIa, aph(3'')-Ib, aph(6)-Id, blaADC-30, blaOXA-66, qacEdelta1, sul1, sul2, tet(B)"
ERR4919992,2016,PRJEB33565,,Nigeria,10,"ant(3'')-IIa, blaADC-76, blaOXA-68"
ERR4919993,2016,PRJEB33565,,Nigeria,575,"ant(2'')-Ia, ant(3'')-IIa, blaADC-76, blaOXA-144, blaOXA-23, sul2, tet(B)"
ERR4920008,2016,PRJEB33565,,Rwanda,52,"ant(2'')-Ia, ant(3'')-IIa, blaADC-158, blaCARB-50, blaNDM-1, blaOXA-98, ble, dfrA44, floR, mph(E), msr(E), sul2, tet(39), tet(B)"
ERR4920011,2016,PRJEB33565,,South Africa,1,"aac(3)-Ia, aadA1, ant(3'')-IIa, aph(3'')-Ib, aph(3')-Ia, aph(6)-Id, armA, arr-2, blaADC, blaNDM-1, blaOXA-23, blaOXA-69, blaPER-7, ble, cmlA5, dfrA1, mph(E), msr(E), sat2, sul1, sul2, tet(B)"
ERR4920012,2016,PRJEB33565,,South Africa,164,"aac(6')-Ib4, ant(2'')-Ia, ant(3'')-IIa, aph(3'')-Ib, aph(6)-Id, arr-3, blaADC, blaCARB-16, blaOXA-91, mph(E), msr(E), qacEdelta1, sul1, sul2, tet(39)"
ERR4920013,2016,PRJEB33565,,South Africa,164,"aac(6')-Ib4, ant(2'')-Ia, ant(3'')-IIa, aph(3'')-Ib, aph(6)-Id, arr-3, blaADC, blaCARB-16, blaOXA-91, mph(E), msr(E), qacEdelta1, sul1, sul2, tet(39)"
ERR4999559,,PRJEB42042,W/S,Libya,602,"aac(6')-Ib3, aadA2, ant(2'')-Ia, ant(3'')-IIa, aph(3'')-Ib, aph(3')-VIa, aph(6)-Id, blaADC-32, blaGES-11, blaOXA-23, blaOXA-378, cmlA1, dfrA7, qacEdelta1, sul1"
ERR4999560,,PRJEB42042,Wound,Libya,1,"aac(3)-Ia, aadA1, ant(3'')-IIa, aph(3')-Ia, aph(3')-VIa, blaADC-184, blaADC-199, blaCARB-16, blaOXA-23, blaOXA-69, blaTEM-1, catA1, qacEdelta1, sul1, tet(A)"
ERR4999561,,PRJEB42042,Wound,Libya,1,"aac(6')-Ib3, aadA2, ant(2'')-Ia, ant(3'')-IIa, aph(3'')-Ib, aph(3')-VIa, aph(6)-Id, blaADC-11, blaGES-11, blaOXA-23, blaOXA-69, cmlA1, dfrA7, qacEdelta1, sul1"
ERR4999562,,PRJEB42042,Wound,Libya,1,"aac(6')-Ib3, aadA2, ant(2'')-Ia, ant(3'')-IIa, aph(3'')-Ib, aph(3')-VIa, aph(6)-Id, blaADC-11, blaGES-11, blaOXA-23, blaOXA-69, cmlA1, dfrA7, qacEdelta1, sul1"
ERR4999563,,PRJEB42042,Wound,Libya,25,"ant(2'')-Ia, ant(3'')-IIa, aph(3'')-Ib, aph(3')-Ia, aph(3')-VIa, aph(6)-Id, blaADC-26, blaOXA-23, blaOXA-64, sul2"
ERR4999564,,PRJEB42042,Wound,Libya,602,"aac(6')-Ib3, aadA2, ant(2'')-Ia, ant(3'')-IIa, aph(3'')-Ib, aph(3')-VIa, aph(6)-Id, blaADC-32, blaGES-11, blaOXA-23, blaOXA-378, cmlA1, dfrA7, qacEdelta1, sul1"
ERR4999566,,PRJEB42042,Urine,Libya,25,"ant(2'')-Ia, ant(3'')-IIa, aph(3'')-Ib, aph(3')-Ia, aph(3')-VIa, aph(6)-Id, blaADC-26, blaOXA-23, blaOXA-64, sul2"
ERR4999567,,PRJEB42042,FC Tip,Libya,1,"aac(6')-Ib3, aadA2, ant(2'')-Ia, ant(3'')-IIa, aph(3'')-Ib, aph(3')-VIa, aph(6)-Id, blaGES-11, blaOXA-23, blaOXA-69, cmlA1, dfrA7, qacEdelta1, sul1"
ERR4999568,,PRJEB42042,W/S,Libya,25,"ant(2'')-Ia, ant(3'')-IIa, aph(3'')-Ib, aph(3')-Ia, aph(3')-VIa, aph(6)-Id, blaADC-26, blaOXA-23, blaOXA-64, sul2"
ERR4999569,,PRJEB42042,Blood,Libya,2,"ant(3'')-IIa, aph(3'')-Ib, aph(3')-Ia, aph(6)-Id, armA, blaADC-73, blaOXA-23, blaOXA-66, blaTEM-1, mph(E), msr(E), tet(B)"
ERR4999570,,PRJEB42042,Blood,Libya,136,"ant(3'')-IIa, aph(3'')-Ib, aph(3')-VIa, aph(3')-VIb, aph(6)-Id, blaADC-88, blaOXA, blaOXA-23, blaPER-1, mph(E), msr(E), sul2, tet(B)"
ERR4999571,,PRJEB42042,Blood,Libya,2,"aacA16, ant(3'')-IIa, aph(3'')-Ib, aph(3')-VI, aph(6)-Id, blaADC-30, blaNDM-1, blaOXA-66, blaTEM-1, ble, qacEdelta1, sul1, sul2, tet(B)"
ERR4999572,,PRJEB42042,Sputum,Libya,2,"aacA16, ant(3'')-IIa, aph(3'')-Ib, aph(3')-VI, aph(6)-Id, blaADC-30, blaNDM-1, blaOXA-66, blaTEM-1, ble, qacEdelta1, sul1, sul2, tet(B)"
ERR4999574,,PRJEB42042,W/S,Libya,602,"aac(6')-Ib3, aadA2, ant(2'')-Ia, ant(3'')-IIa, aph(3'')-Ib, aph(6)-Id, blaADC-32, blaGES-11, blaOXA-23, blaOXA-378, cmlA1, dfrA7, qacEdelta1, sul1"
ERR4999575,,PRJEB42042,W/S,Libya,136,"ant(2'')-Ia, ant(3'')-IIa, aph(3'')-Ib, aph(3')-VIa, aph(3')-VIb, aph(6)-Id, blaADC-88, blaOXA, blaOXA-23, blaPER-1, mph(E), msr(E), sul2, tet(B)"
ERR4999577,,PRJEB42042,Wound,Libya,-,"ant(2'')-Ia, ant(3'')-IIa, aph(3'')-Ib, aph(3')-VIa, aph(3')-VIb, aph(6)-Id, blaADC-88, blaOXA, blaOXA-23, blaPER-1, mph(E), msr(E), sul2, tet(B)"
ERR5000113,,PRJEB42042,Wound,Libya,25,"ant(2'')-Ia, ant(3'')-IIa, aph(3'')-Ib, aph(3')-Ia, aph(3')-VIa, aph(6)-Id, blaADC-26, blaOXA-23, blaOXA-64, sul2"
ERR5000114,,PRJEB42042,UVE,Libya,2,"aacA16, ant(3'')-IIa, aph(3'')-Ib, aph(3')-VI, aph(6)-Id, blaADC-30, blaNDM-1, blaOXA-66, blaTEM-1, ble, qacEdelta1, sul1, sul2, tet(B)"
ERR5000123,,PRJEB42042,Blood,Libya,136,"ant(2'')-Ia, ant(3'')-IIa, aph(3'')-Ib, aph(3')-VIa, aph(6)-Id, blaADC-88, blaOXA, blaOXA-23, blaPER-1, mph(E), msr(E), sul2, tet(B)"
ERR5000189,,PRJEB42042,Wound,Libya,2,"aacA16, ant(3'')-IIa, aph(3'')-Ib, aph(6)-Id, blaADC, blaOXA-66, blaTEM-1, qacEdelta1, sul1, sul2, tet(B)"
ERR5000190,,PRJEB42042,Wound,Libya,2,"ant(3'')-IIa, aph(3')-Ia, aph(3')-VIa, armA, blaADC-73, blaOXA-23, blaOXA-66, blaTEM-1, mph(E), msr(E)"
ERR5000204,,PRJEB42042,Throat/s,Libya,136,"ant(2'')-Ia, ant(3'')-IIa, aph(3'')-Ib, aph(3')-VIb, aph(6)-Id, blaADC-88, blaOXA, blaOXA-23, blaPER-1, mph(E), msr(E), sul2, tet(B)"
ERR5205865,,PRJEB42731,,Egypt,2,"aac(6')-Ib', aadA1, ant(3'')-IIa, aph(3'')-Ib, aph(6)-Id, armA, blaADC-73, blaOXA-23, blaOXA-66, blaTEM-1, catB8, mph(E), msr(E), qacEdelta1, sul1, tet(B)"
ERR5205866,,PRJEB42731,,Egypt,2,"aacA16, ant(3'')-IIa, aph(3'')-Ib, aph(3')-Ia, aph(3')-VI, aph(6)-Id, blaADC-30, blaNDM-1, blaOXA-66, blaTEM-1, ble, qacEdelta1, sul1, sul2, tet(B)"
ERR5205867,,PRJEB42731,,Egypt,158,"aac(6')-Ib3, ant(3'')-IIa, aph(3')-VIa, blaADC-117, blaGES-35, blaOXA-23, blaOXA-65, dfrA7, mph(E), msr(E), qacEdelta1, sul1"
ERR5205868,,PRJEB42731,,Egypt,2,"aacA16, ant(3'')-IIa, aph(3'')-Ib, aph(3')-Ia, aph(3')-VI, aph(6)-Id, blaADC-30, blaNDM-1, blaOXA-66, blaTEM-1, ble, qacEdelta1, sul1, sul2, tet(B)"
ERR5205869,,PRJEB42731,,Egypt,2,"aac(6')-Ib', aadA1, ant(3'')-IIa, aph(3'')-Ib, aph(6)-Id, armA, blaADC-73, blaOXA-23, blaOXA-66, blaTEM-1, catB8, mph(E), msr(E), qacEdelta1, sul1, tet(B)"
ERR5205871,,PRJEB42731,,Egypt,2,"aac(6')-Ib3, aadA1, ant(3'')-IIa, aph(3'')-Ib, aph(3')-Ia, aph(3')-VIa, aph(6)-Id, armA, blaADC-82, blaGES-35, blaOXA-23, blaOXA-66, catB8, dfrA7, mph(E), msr(E), qacEdelta1, sul1, tet(B)"
ERR6938061,,PRJEB29739,,Nigeria,149,"ant(3'')-IIa, aph(3'')-Ib, aph(3')-VIa, aph(6)-Id, armA, arr-2, blaADC-26, blaNDM-1, blaOXA-104, blaOXA-23, ble, cmlA5, dfrA45, fos, mph(E), msr(E), qacEdelta1, sul1, sul2"
ERR6938074,,PRJEB29739,,Nigeria,1866,"ant(3'')-IIa, blaADC-32, blaOXA-65"
ERR6938077,,PRJEB29739,,Nigeria,409,"aac(3)-Ia, aadA1, ant(3'')-IIa, aph(3')-VIa, blaADC-78, blaOXA-23, blaOXA-69, qacEdelta1, sul1"
ERR6938084,,PRJEB29739,,Nigeria,16,"ant(2'')-Ia, ant(3'')-IIa, aph(3')-Ia, aph(6)-Id, blaADC-169, blaOXA-402, blaOXA-420, dfrA20, mph(E), msr(E), sul2, tet(39)"
ERR6938087,,PRJEB29739,,Nigeria,164,"ant(2'')-Ia, ant(3'')-IIa, blaADC-52, blaCARB-16, blaOXA-91, sul2, tet(39)"
ERR6938090,,PRJEB29739,,Nigeria,149,"ant(3'')-IIa, aph(3'')-Ib, aph(3')-VIa, aph(6)-Id, armA, arr-2, blaADC-26, blaNDM-1, blaOXA-104, blaOXA-23, ble, cmlA5, dfrA45, fos, mph(E), msr(E), qacEdelta1, sul1, sul2"
ERR6938093,,PRJEB29739,,Nigeria,1866,"ant(3'')-IIa, blaADC-32, blaOXA-65"
ERR6938096,,PRJEB29739,,Nigeria,32,"ant(2'')-Ia, ant(3'')-IIa, aph(3'')-Ib, aph(3')-VIa, aph(6)-Id, blaADC-79, blaNDM-1, blaOXA-100, ble, sul2"
ERR6938099,,PRJEB29739,,Nigeria,2,"aac(3)-IId, aac(3)-Ia, aadA1, ant(3'')-IIa, aph(3'')-Ib, aph(3')-Ia, aph(6)-Id, blaADC-25, blaNDM-1, blaOXA-66, blaTEM-1, ble, catA1, dfrA1, floR, mph(E), msr(E), qacEdelta1, sat2, sul1, tet(B)"
ERR6938111,,PRJEB29739,,Nigeria,409,"aac(3)-Ia, aadA1, ant(3'')-IIa, aph(3')-VIa, blaADC-78, blaOXA-23, blaOXA-69, qacEdelta1, sul1"
ERR6938114,,PRJEB29739,,Nigeria,149,"ant(3'')-IIa, aph(3'')-Ib, aph(3')-VIa, aph(6)-Id, armA, arr-2, blaADC-26, blaNDM-1, blaOXA-104, blaOXA-23, ble, cmlA5, dfrA45, fos, mph(E), msr(E), qacEdelta1, sul1, sul2"
ERR6938153,,PRJEB29739,,Nigeria,203,"ant(3'')-IIa, sul2"
ERR6938409,,PRJEB29739,,Nigeria,85,"ant(2'')-Ia, ant(3'')-IIa, aph(3')-VI, blaNDM-1, blaOXA-94, ble, mph(E), msr(E), sul2"
ERR6938479,,PRJEB29739,,Nigeria,267,"aadA2, ant(2'')-Ia, ant(3'')-IIa, aph(3'')-Ib, aph(6)-Id, blaADC-291, blaCARB-2, blaOXA-180, dfrA45, floR, fos, sul2, tet(B), tet(G)"
ERR6938729,,PRJEB29739,,Nigeria,25,"aac(3)-IIe, aac(6')-Ian, ant(3'')-IIa, aph(3'')-Ib, aph(6)-Id, armA, arr-2, blaADC-26, blaOXA-23, blaOXA-64, blaPER-7, cmlA5, dfrA45, mph(E), msr(E), qacEdelta1, sul1, sul2, tet(B)"
ERR6938731,,PRJEB29739,,Nigeria,25,"ant(3'')-IIa, armA, arr-2, blaADC-26, blaOXA-23, blaOXA-64, blaPER-7, cmlA5, dfrA45, mph(E), msr(E), qacEdelta1, sul1, sul2"
ERR6938732,,PRJEB29739,,Nigeria,25,"aac(3)-IIe, aac(6')-Ian, ant(3'')-IIa, aph(3'')-Ib, aph(6)-Id, armA, arr-2, blaADC-26, blaOXA-23, blaOXA-64, blaPER-7, cmlA5, dfrA45, mph(E), msr(E), qacEdelta1, sul1, sul2"
ERR6938733,,PRJEB29739,,Nigeria,85,"ant(2'')-Ia, ant(3'')-IIa, aph(3')-VI, blaNDM-1, blaOXA-94, ble, mph(E), msr(E), sul2"
ERR6938734,,PRJEB29739,,Nigeria,10,"ant(3'')-IIa, blaADC-76, blaOXA-23, blaOXA-68"
ERR6938735,,PRJEB29739,,Nigeria,10,"ant(3'')-IIa, blaADC, blaOXA-23, blaOXA-68"
ERR6938736,,PRJEB29739,,Nigeria,10,"ant(3'')-IIa, blaADC-76, blaOXA-23, blaOXA-68"
ERR6938738,,PRJEB29739,,Nigeria,-,"aac(3)-Ia, aadA1, ant(3'')-IIa, aph(3'')-Ib, aph(3')-Ia, aph(6)-Id, blaNDM-1, blaOXA-23, ble, dfrA1, dfrA40, qacE, sat2, sul1, sul2, tet(B)"
ERR6938739,,PRJEB29739,,Nigeria,16,"ant(2'')-Ia, ant(3'')-IIa, aph(3'')-Ib, aph(3')-Ia, aph(6)-Id, blaADC-169, blaOXA-402, blaOXA-420, dfrA20, mph(E), msr(E), sul2, tet(39)"
ERR6938740,,PRJEB29739,,Nigeria,16,"ant(2'')-Ia, ant(3'')-IIa, aph(3')-Ia, aph(6)-Id, blaADC-169, blaOXA-402, blaOXA-420, dfrA20, mph(E), msr(E), sul2, tet(39)"
ERR6938741,,PRJEB29739,,Nigeria,267,"ant(3'')-IIa, blaADC-291, blaOXA-180, fos"
ERR6938743,,PRJEB29739,,Nigeria,267,"ant(3'')-IIa, blaADC-291, blaOXA-180, fos"
ERR6938745,,PRJEB29739,,Nigeria,85,"ant(2'')-Ia, ant(3'')-IIa, aph(3')-VI, blaADC-176, blaNDM-1, blaOXA-94, ble, mph(E), msr(E), sul2"
ERR6938749,,PRJEB29739,,Nigeria,85,"ant(2'')-Ia, ant(3'')-IIa, aph(3')-VI, blaADC-176, blaNDM-1, blaOXA-94, ble, mph(E), msr(E), sul2"
ERR6938913,,PRJEB29739,,Nigeria,1866,"ant(2'')-Ia, ant(3'')-IIa, aph(3'')-Ib, aph(3')-Ia, aph(6)-Id, blaADC-32, blaOXA-420, blaOXA-65, dfrA20, mph(E), msr(E), sul2, tet(39)"
ERR6938928,,PRJEB29739,,Nigeria,1,"aadA1, ant(2'')-Ia, ant(3'')-IIa, aph(3'')-Ib, aph(3')-Ia, aph(3')-VIa, aph(6)-Id, blaADC-191, blaNDM-1, blaOXA-23, blaOXA-69, ble, dfrA1, sat2, sul2, tet(B)"
ERR6938929,,PRJEB29739,,Nigeria,1,"aadA1, ant(2'')-Ia, ant(3'')-IIa, aph(3'')-Ib, aph(3')-Ia, aph(3')-VIa, aph(6)-Id, blaADC-191, blaNDM-1, blaOXA-23, blaOXA-69, ble, dfrA1, sat2, sul2, tet(B)"
ERR6938931,,PRJEB29739,,Nigeria,1,"aac(3)-Ia, aadA1, ant(3'')-IIa, aph(3')-Ia, blaADC, blaOXA-69, catA1, qacEdelta1, sul1, tet(A)"
ERR7226293,,PRJEB29739,,Nigeria,1910,"ant(3'')-IIa, aph(3'')-Ib, aph(6)-Id, blaADC-163, blaOXA-121, sul2, tet(B)"
ERR7226295,,PRJEB29739,,Nigeria,338,"ant(3'')-IIa, blaADC-279, blaOXA-120"
ERR7226554,,PRJEB29739,,Nigeria,1,"aac(3)-Ia, aadA1, ant(3'')-IIa, aph(3'')-Ib, aph(3')-Ia, aph(3')-VIa, aph(6)-Id, blaADC-191, blaNDM-1, blaOXA-23, blaOXA-69, ble, dfrA1, qacEdelta1, sat2, sul1, sul2, tet(B)"
ERR7226556,,PRJEB29739,,Nigeria,1,"aac(3)-Ia, aadA1, ant(3'')-IIa, aph(3'')-Ib, aph(3')-Ia, aph(3')-VIa, aph(6)-Id, blaADC-191, blaNDM-1, blaOXA-23, blaOXA-69, ble, dfrA1, qacEdelta1, sat2, sul1, sul2, tet(B)"
ERR7226586,,PRJEB29739,,Nigeria,821,"ant(2'')-Ia, ant(3'')-IIa, aph(3'')-Ib, aph(3')-Ia, aph(6)-Id, blaADC-32, blaMCA, blaOXA-378, blaOXA-420, dfrA20, mph(E), msr(E), sul2, tet(39)"
ERR7226588,,PRJEB29739,,Nigeria,1904,"ant(3'')-IIa, blaADC-238, blaI, blaOXA-65, blaR1, blaZ, dfrS1, fosB, lnu(A)"
ERR7226590,,PRJEB29739,,Nigeria,2,"aac(3)-Ia, aacA16, ant(3'')-IIa, aph(3'')-Ib, aph(3')-Ia, aph(6)-Id, blaADC-30, blaOXA-66, qacEdelta1, sul1, sul2, tet(B)"
ERR7226592,,PRJEB29739,,Nigeria,2,"aac(3)-Ia, aacA16, ant(3'')-IIa, aph(3'')-Ib, aph(3')-Ia, aph(6)-Id, blaADC-30, blaOXA-66, qacEdelta1, sul1, sul2, tet(B)"
ERR7226594,,PRJEB29739,,Nigeria,2,"aac(3)-Ia, aacA16, ant(3'')-IIa, aph(3'')-Ib, aph(3')-Ia, aph(6)-Id, blaADC-30, blaOXA-66, qacEdelta1, sul1, sul2, tet(B)"
ERR7226612,,PRJEB29739,,Nigeria,2,"aac(3)-IId, aac(3)-Ia, aadA1, ant(3'')-IIa, aph(3'')-Ib, aph(6)-Id, blaADC-30, blaOXA-66, msr(E), qacEdelta1, sul1, sul2, tet(B)"
ERR7226614,,PRJEB29739,,Nigeria,107,"aadA2, ant(2'')-Ia, ant(3'')-IIa, aph(3'')-Ib, aph(3')-Ib, aph(6)-Id, blaADC-87, blaCARB-2, blaOXA-51, sul2, tet(39), tet(B), tet(G)"
ERR7226616,,PRJEB29739,,Nigeria,25,"aac(3)-IIe, aac(6')-Ian, ant(3'')-IIa, aph(3'')-Ib, aph(6)-Id, armA, arr-2, blaADC-26, blaOXA-23, blaOXA-64, blaPER-7, cmlA5, dfrA45, mph(E), msr(E), sul1, sul2, tet(B)"
ERR7226618,,PRJEB29739,,Nigeria,52,"aac(3)-IId, ant(3'')-IIa, aph(3'')-Ib, aph(3')-Ia, aph(6)-Id, blaADC-158, blaOXA-58, blaOXA-98, sul2, tet(39)"
ERR7226620,,PRJEB29739,,Nigeria,821,"ant(2'')-Ia, ant(3'')-IIa, aph(3'')-Ib, aph(3')-Ia, aph(6)-Id, blaADC-32, blaMCA, blaOXA-378, blaOXA-420, dfrA20, mph(E), msr(E), sul2, tet(39)"
ERR7226622,,PRJEB29739,,Nigeria,821,"ant(2'')-Ia, ant(3'')-IIa, aph(3'')-Ib, aph(3')-Ia, aph(6)-Id, blaADC-32, blaMCA, blaOXA-378, blaOXA-420, dfrA20, mph(E), msr(E), sul2, tet(39)"
ERR7226626,,PRJEB29739,,Nigeria,164,"ant(2'')-Ia, ant(3'')-IIa, blaADC-52, blaCARB-16, blaOXA-91, sul2, tet(39)"
ERR7226644,,PRJEB29739,,Nigeria,471,"ant(3'')-IIa, blaADC, blaOXA-411"
ERR7226646,,PRJEB29739,,Nigeria,164,"ant(2'')-Ia, ant(3'')-IIa, blaADC-52, blaCARB-16, blaOXA-91, sul2, tet(39)"
ERR7226648,,PRJEB29739,,Nigeria,1905,"ant(3'')-IIa, blaADC, blaOXA-208"
ERR7226650,,PRJEB29739,,Nigeria,1470,"ant(3'')-IIa, blaADC, blaOXA"
ERR7226654,,PRJEB29739,,Nigeria,1909,"ant(2'')-Ia, ant(3'')-IIa, aph(3'')-Ib, aph(6)-Id, blaCARB-16, blaOXA-91, sul2, tet(39)"
ERR7226656,,PRJEB29739,,Nigeria,1910,"ant(3'')-IIa, aph(3'')-Ib, aph(6)-Id, blaADC-163, blaOXA-121, sul2, tet(B)"
ERR7226658,,PRJEB29739,,Nigeria,1910,"ant(3'')-IIa, aph(3'')-Ib, aph(6)-Id, blaADC-163, blaOXA-121, sul2, tet(B)"
ERR7226676,,PRJEB29739,,Nigeria,85,"ant(2'')-Ia, ant(3'')-IIa, aph(3')-VI, blaADC, blaNDM-1, blaOXA-94, ble, mph(E), msr(E), sul2"
ERR7226678,,PRJEB29739,,Nigeria,1910,"ant(3'')-IIa, aph(3'')-Ib, aph(6)-Id, blaADC-163, blaOXA-121, sul2, tet(B)"
ERR7226680,,PRJEB29739,,Nigeria,1906,"ant(3'')-IIa, blaADC, blaOXA-856, sul2, tet(B)"
ERR7226688,,PRJEB29739,,Nigeria,1828,"ant(3'')-IIa, blaADC-154, blaOXA-441"
ERR7226690,,PRJEB29739,,Nigeria,1828,"ant(3'')-IIa, blaADC-154, blaOXA-441"
ERR8024946,2021,PRJEB46496,hospital surface,Ghana,1136,"aac(3)-IId, ant(3'')-IIa, aph(3')-VIa, blaADC-32, blaNDM-1, blaOXA-23, blaOXA-65, ble, mph(E), msr(E), sul2, tet(39)"
ERR8024947,2021,PRJEB46496,hospital surface,Ghana,109,"aac(3)-IId, ant(3'')-IIa, blaADC-6, blaNDM-1, blaOXA-23, blaOXA-67, ble, mph(E), msr(E), sul2, tet(39), tet(B)"
ERR8024950,2021,PRJEB46496,hospital surface,Ghana,109,"aac(3)-IId, ant(3'')-IIa, blaADC-6, blaNDM-1, blaOXA-23, blaOXA-67, ble, mph(E), msr(E), sul2, tet(39), tet(B)"
ERR8024951,2021,PRJEB46496,hospital surface,Ghana,109,"aac(3)-IId, ant(3'')-IIa, blaADC-6, blaNDM-1, blaOXA-23, blaOXA-67, ble, mph(E), msr(E), sul2, tet(39), tet(B)"
ERR8024959,2021,PRJEB46496,hospital surface,Ghana,132,"aac(3)-IId, aac(6')-Ib4, ant(3'')-IIa, aph(3'')-Ib, aph(3')-VIa, aph(6)-Id, arr-3, blaADC-156, blaCARB-16, blaNDM-1, blaOXA-120, ble, dfrA44, floR, mph(E), msr(E), qacEdelta1, sul1, sul2, tet(X3)"
SRR10583096,2016,PRJNA592050,Surgical site infection,Ghana,10,"ant(3'')-IIa, blaADC-76, blaOXA-68"
SRR11514880,2019,PRJNA624101,Surgical wound,Benin,388,"aac(3)-IId, ant(2'')-Ia, ant(3'')-IIa, aph(3'')-Ib, aph(6)-Id, blaADC-308, blaNDM-1, blaOXA-58, blaOXA-71, ble, mph(E), msr(E), sul2, tet(39)"
SRR11589174,2012,PRJNA627433,,South Africa,2,"aac(3)-Ia, aadA1, ant(3'')-IIa, aph(3'')-Ib, aph(3')-Ia, aph(3')-VIa, aph(6)-Id, blaADC-30, blaOXA-23, blaOXA-66, blaTEM-1, qacEdelta1, sul1, sul2, tet(B)"
SRR11589267,2014,PRJNA627433,,South Africa,243,"ant(2'')-Ia, ant(3'')-IIa, blaADC, blaOXA, blaOXA-58, sul2"
SRR12905336,2019,PRJNA672293,wound,Libya,25,"ant(2'')-Ia, ant(3'')-IIa, aph(3'')-Ib, aph(3')-Ia, aph(3')-VIa, aph(6)-Id, blaADC-26, blaOXA-23, blaOXA-64, sul2"
SRR12905337,2019,PRJNA672293,wound-Sputum,Libya,602,"aac(6')-Ib3, aadA2, ant(2'')-Ia, ant(3'')-IIa, aph(3'')-Ib, aph(6)-Id, blaADC-32, blaGES-11, blaOXA-23, blaOXA-378, cmlA1, dfrA7, qacEdelta1, sul1"
SRR12905338,2019,PRJNA672293,Blood,Libya,2,"aacA16, ant(3'')-IIa, aph(3'')-Ib, aph(3')-VI, aph(6)-Id, blaADC-30, blaNDM-1, blaOXA-66, blaTEM-1, ble, qacEdelta1, sul1, sul2, tet(B)"
SRR12905341,2019,PRJNA672293,Wound,Libya,2,"ant(3'')-IIa, aph(3')-Ia, aph(3')-VIa, armA, blaADC-73, blaOXA-23, blaOXA-66, blaTEM-1, mph(E), msr(E)"
SRR13327178,2017,PRJNA688598,BAL,Egypt,2,"ant(3'')-IIa, aph(3'')-Ib, aph(3')-Ia, aph(3')-VIa, aph(6)-Id, armA, blaADC-73, blaOXA-23, blaOXA-66, blaTEM-1, mph(E), msr(E), tet(B)"
SRR13327179,2017,PRJNA688598,Blood,Egypt,2,"ant(3'')-IIa, aph(3'')-Ib, aph(3')-Ia, aph(6)-Id, armA, blaADC-73, blaOXA-23, blaOXA-66, blaTEM-1, mph(E), msr(E), tet(B)"
SRR13327181,2017,PRJNA688598,Wound,Egypt,1,"aac(3)-Ia, aadA1, ant(2'')-Ia, ant(3'')-IIa, aph(3'')-Ib, aph(3')-VIa, aph(6)-Id, blaADC-191, blaNDM-1, blaOXA-23, blaOXA-69, ble, dfrA1, qacEdelta1, sat2, sul1, sul2, tet(B)"
SRR13327185,2017,PRJNA688598,CVP Blood,Egypt,1,"aac(3)-Ia, aadA1, ant(3'')-IIa, aph(3'')-Ib, aph(3')-VIa, aph(6)-Id, blaADC-191, blaNDM-1, blaOXA-23, blaOXA-69, ble, dfrA1, qacEdelta1, sat2, sul1, sul2, tet(B)"
SRR13327186,2018,PRJNA688598,Blood,Egypt,2,"ant(3'')-IIa, aph(3'')-Ib, aph(3')-Ia, aph(3')-VIa, aph(6)-Id, armA, blaADC-73, blaOXA-23, blaOXA-66, blaTEM-1, mph(E), msr(E), tet(B)"
SRR13327187,2018,PRJNA688598,CVP Blood,Egypt,1,"aac(3)-Ia, aadA1, ant(2'')-Ia, ant(3'')-IIa, aph(3'')-Ib, aph(3')-Ia, aph(6)-Id, blaADC-191, blaNDM-1, blaOXA-23, blaOXA-69, ble, dfrA1, qacEdelta1, sat2, sul1, sul2, tet(B)"
SRR13327189,2018,PRJNA688598,Blood,Egypt,1,"aac(3)-Ia, aadA1, ant(2'')-Ia, ant(3'')-IIa, aph(3'')-Ib, aph(3')-Ia, aph(3')-VIa, aph(6)-Id, blaADC-191, blaNDM-1, blaOXA-23, blaOXA-69, ble, dfrA1, qacEdelta1, sat2, sul1, sul2, tet(B)"
SRR13327190,2018,PRJNA688598,Blood,Egypt,1,"aac(3)-Ia, aadA1, ant(2'')-Ia, ant(3'')-IIa, aph(3'')-Ib, aph(3')-Ia, aph(3')-VIa, aph(6)-Id, blaADC-191, blaNDM-1, blaOXA-23, blaOXA-69, ble, dfrA1, qacEdelta1, sat2, sul1, sul2, tet(B)"
SRR13327191,2018,PRJNA688598,Blood,Egypt,1,"aac(3)-Ia, aadA1, ant(2'')-Ia, ant(3'')-IIa, aph(3'')-Ib, aph(3')-Ia, aph(6)-Id, blaADC-191, blaNDM-1, blaOXA-23, blaOXA-69, ble, dfrA1, qacEdelta1, sat2, sul1, sul2, tet(B)"
SRR13327192,2018,PRJNA688598,BAL,Egypt,113,"ant(3'')-IIa, aph(3'')-Ib, aph(3')-VIa, aph(6)-Id, armA, arr-2, blaADC-57, blaOXA-23, blaOXA-64, blaPER-7, cmlA5, mph(E), msr(E), qacEdelta1, sul1, sul2, tet(B)"
SRR13327193,2018,PRJNA688598,BAL,Egypt,2,"aac(6')-Ib', aadA1, ant(3'')-IIa, aph(3'')-Ib, aph(3')-VIa, aph(6)-Id, armA, blaADC, blaOXA-23, blaOXA-66, blaTEM-1, catB8, mph(E), msr(E), qacEdelta1, sul1, tet(B)"
SRR13327194,2018,PRJNA688598,BAL,Egypt,113,"ant(3'')-IIa, aph(3'')-Ib, aph(3')-VIa, aph(6)-Id, armA, arr-2, blaADC-57, blaOXA-23, blaOXA-64, blaPER-7, cmlA5, mph(E), msr(E), sul1, sul2, tet(B)"
SRR13327196,2018,PRJNA688598,Tissue,Egypt,-,"aac(6')-Ib', aadA1, ant(3'')-IIa, aph(3'')-Ib, aph(3')-Ia, aph(6)-Id, armA, blaADC-73, blaOXA-23, blaOXA-66, blaTEM-1, catB8, mph(E), msr(E), qacEdelta1, sul1, tet(B)"
SRR13327198,2018,PRJNA688598,Blood,Egypt,-,"aac(3)-Ia, aadA1, ant(2'')-Ia, ant(3'')-IIa, aph(3'')-Ib, aph(3')-Ia, aph(3')-VIa, aph(6)-Id, blaADC-191, blaNDM-1, blaOXA-23, blaOXA-69, ble, dfrA1, qacEdelta1, sat2, sul1, sul2, tet(B)"
SRR13327199,2018,PRJNA688598,Blood,Egypt,570,"aac(6')-Ib', aadA1, ant(3'')-IIa, aph(3')-Ia, aph(3')-VI, armA, blaADC-73, blaNDM-1, blaOXA-23, blaOXA-66, blaTEM-1, ble, catB8, mph(E), msr(E), qacEdelta1, sul1"
SRR13327200,2018,PRJNA688598,CVP Blood,Egypt,1,"aac(3)-Ia, aadA1, ant(2'')-Ia, ant(3'')-IIa, aph(3'')-Ib, aph(3')-Ia, aph(3')-VIa, aph(6)-Id, blaADC-191, blaNDM-1, blaOXA-23, blaOXA-69, ble, dfrA1, qacEdelta1, sat2, sul1, sul2, tet(B)"
SRR13327201,2018,PRJNA688598,CVP Blood,Egypt,1,"aac(3)-Ia, aadA1, ant(2'')-Ia, ant(3'')-IIa, aph(3'')-Ib, aph(3')-Ia, aph(6)-Id, blaADC-191, blaNDM-1, blaOXA-23, blaOXA-69, ble, dfrA1, qacEdelta1, sat2, sul1, sul2, tet(B)"
SRR13327203,2018,PRJNA688598,Blood,Egypt,1,"aac(3)-Ia, aadA1, ant(2'')-Ia, aph(3'')-Ib, aph(3')-Ia, aph(6)-Id, blaADC-191, blaNDM-1, blaOXA-23, blaOXA-69, ble, dfrA1, qacEdelta1, sat2, sul1, sul2, tet(B)"
SRR13327204,2018,PRJNA688598,Blood,Egypt,1,"aac(3)-Ia, aadA1, ant(2'')-Ia, ant(3'')-IIa, aph(3'')-Ib, aph(3')-Ia, aph(3')-VIa, aph(6)-Id, blaADC-191, blaNDM-1, blaOXA-23, blaOXA-69, ble, dfrA1, qacEdelta1, sat2, sul1, sul2, tet(B)"
SRR13327205,2018,PRJNA688598,Blood,Egypt,2,"ant(3'')-IIa, aph(3'')-Ib, aph(3')-Ia, aph(3')-VIa, aph(6)-Id, armA, blaADC-73, blaOXA-23, blaOXA-66, blaTEM-1, mph(E), msr(E), tet(B)"
SRR13327206,2017,PRJNA688598,BAL,Egypt,1,"aac(3)-Ia, aadA1, ant(2'')-Ia, ant(3'')-IIa, aph(3'')-Ib, aph(3')-VIa, aph(6)-Id, blaADC, blaNDM-1, blaOXA-23, blaOXA-69, ble, dfrA1, qacEdelta1, sat2, sul1, sul2, tet(B)"
SRR13327207,2016,PRJNA688598,BAL,Egypt,1,"aac(3)-Ia, aadA1, ant(3'')-IIa, aph(3'')-Ib, aph(6)-Id, blaADC-191, blaNDM-1, blaOXA-23, blaOXA-69, ble, dfrA1, qacEdelta1, sat2, sul1, sul2, tet(B)"
SRR13401434,2020,PRJNA690827,Endotracheal tube,Egypt,2,"aac(6')-Ib', aadA1, ant(3'')-IIa, aph(3'')-Ib, aph(3')-Ia, aph(6)-Id, armA, blaADC-30, blaOXA-23, blaOXA-66, blaTEM-1, catB8, mph(E), msr(E), qacEdelta1, sul1, sul2"
SRR13430624,2020,PRJNA690827,Blood culture,Egypt,2,"ant(3'')-IIa, aph(3'')-Ib, aph(3')-Ia, aph(3')-VIa, aph(6)-Id, blaOXA, blaTEM-1, mph(E), msr(E), tet(B)"
SRR13430625,2020,PRJNA690827,sputum,Egypt,2,"ant(3'')-IIa, aph(3'')-Ib, aph(3')-Ia, aph(6)-Id, armA, blaADC, blaOXA-23, blaOXA-66, blaTEM-1, mph(E), msr(E), sul2, tet(B)"
SRR13430626,2020,PRJNA690827,Blood,Egypt,113,"ant(3'')-IIa, aph(3'')-Ib, aph(6)-Id, armA, arr-2, blaADC-57, blaOXA, blaPER-7, cmlA5, mph(E), msr(E), qacEdelta1, sul1, sul2, tet(B)"
SRR13430627,2020,PRJNA690827,Wound,Egypt,85,"ant(2'')-Ia, ant(3'')-IIa, aph(3')-VI, blaNDM-1, blaOXA-94, ble, floR, mph(E), msr(E), sul2"
SRR14100602,2020,PRJNA690827,pleural,Egypt,85,"ant(2'')-Ia, ant(3'')-IIa, aph(3')-VI, blaNDM-1, blaOXA, ble, floR, mph(E), msr(E), sul2"
SRR14101519,2020,PRJNA690827,Urine,Egypt,-,"ant(3'')-IIa, aph(3'')-Ib, aph(6)-Id, blaOXA, sul2, tet(B)"
SRR14101547,2020,PRJNA690827,Blood culture,Egypt,19,"ant(2'')-Ia, ant(3'')-IIa, blaADC-79, blaOXA-23, blaOXA-69, sul2"
SRR14101709,2020,PRJNA690827,Wound,Egypt,2,"ant(3'')-IIa, aph(3'')-Ib, aph(3')-Ia, aph(6)-Id, armA, blaADC-73, blaOXA, blaOXA-23, blaTEM-1, mph(E), msr(E), sul2, tet(B)"
SRR14101949,2020,PRJNA690827,Wound,Egypt,19,"ant(2'')-Ia, ant(3'')-IIa, blaADC-79, blaOXA-23, blaOXA-69, sul2"
SRR14102219,2020,PRJNA690827,Blood,Egypt,2,"aac(6')-Ib', aadA1, ant(3'')-IIa, aph(3'')-Ib, aph(3')-Ia, aph(6)-Id, blaADC-30, blaOXA-23, blaOXA-66, blaTEM-1, catB8, mph(E), msr(E), qacEdelta1, sul1, sul2"
SRR14102306,2020,PRJNA690827,sputum,Egypt,2,"aac(6')-Ib', aadA1, ant(3'')-IIa, aph(3'')-Ib, aph(3')-Ia, aph(6)-Id, armA, blaADC-30, blaOXA-23, blaOXA-66, blaTEM-1, catB8, mph(E), msr(E), qacEdelta1, sul2"
SRR14102521,2020,PRJNA690827,Blood,Egypt,85,"ant(2'')-Ia, ant(3'')-IIa, aph(3')-VI, blaNDM-1, blaOXA-94, ble, mph(E), msr(E), sul2"
SRR14116705,2020,PRJNA690827,Blood,Egypt,164,"ant(2'')-Ia, ant(3'')-IIa, blaADC, blaCARB-16, blaNDM-1, blaOXA-91, ble"
SRR14116736,2020,PRJNA690827,Blood,Egypt,570,"aac(6')-Ib', aadA1, ant(3'')-IIa, aph(3')-Ia, aph(3')-VI, blaADC, blaNDM-1, blaOXA-23, blaOXA-66, blaTEM-1, ble, catB8, msr(E), qacE"
SRR14280111,2017,PRJNA718726,hospital wastewater,South Africa,107,"ant(2'')-Ia, ant(3'')-IIa, aph(3')-VIa, blaADC-87, blaOXA-23, blaOXA-51, sul2, tet(B)"
SRR14455652,2017,PRJNA722597,,South Africa,1,"aac(3)-Ia, aadA1, ant(3'')-IIa, aph(3'')-Ib, aph(3')-Ia, aph(6)-Id, armA, arr-2, blaADC, blaNDM-1, blaOXA-23, blaOXA-69, ble, cmlA5, dfrA1, mph(E), msr(E), qacEdelta1, sat2, sul1, sul2, tet(B)"
SRR17931033,2019,PRJNA804332,Screening swab,Kenya,2,"aac(3)-Ia, aac(6')-Ib', aadA1, ant(3'')-IIa, aph(3'')-Ib, aph(3')-Ia, aph(6)-Id, armA, arr-2, blaADC-30, blaOXA-23, blaOXA-66, catB8, cmlA5, mph(E), msr(E), qacEdelta1, sul2, tet(B)"
SRR17931048,2019,PRJNA804332,Screening swab,Kenya,54,"ant(3'')-IIa, aph(3'')-Ib, aph(6)-Id, armA, arr-2, blaADC, blaOXA-23, blaOXA-856, blaPER-7, cmlA5, dfrA45, mph(E), msr(E), qacEdelta1, sul1, sul2, tet(B)"
SRR17931144,2019,PRJNA804332,Screening swab,Kenya,1,"ant(3'')-IIa, blaADC-73, blaOXA-23, blaOXA-69, sul2"
SRR17931145,2019,PRJNA804332,Screening swab,Kenya,1,"ant(3'')-IIa, blaADC-73, blaOXA-23, blaOXA-69, sul2"
SRR18114233,2017,PRJNA719017,hospital wastewater,South Africa,1,"aac(3)-Ia, aadA1, ant(3'')-IIa, aph(3'')-Ib, aph(3')-Ia, aph(6)-Id, armA, arr-2, blaADC, blaNDM-1, blaOXA-23, blaOXA-69, ble, cmlA5, dfrA1, mph(E), msr(E), qacEdelta1, sat2, sul1, sul2, tet(B)"
SRR19107616,1999,PRJNA835506,Respiratory tract,South Africa,1,"aac(3)-Ia, aadA1, ant(2'')-Ia, ant(3'')-IIa, aph(3')-Ia, blaADC-158, blaOXA-69, catA1, dfrA44, mph(E), msr(E), qacEdelta1, tet(A)"
SRR25445074,2021,PRJNA999198,Dial device,Tunisian,2,"ant(3'')-IIa, aph(3'')-Ib, aph(6)-Id, armA, blaADC-73, blaOXA-23, blaOXA-66, catA1, mph(E), msr(E), qacEdelta1, sul1, tet(B)"
SRR25445075,2021,PRJNA999198,Bed,Tunisian,2,"ant(3'')-IIa, aph(3'')-Ib, aph(6)-Id, armA, blaADC-73, blaOXA-23, blaOXA-66, catA1, mph(E), msr(E), qacEdelta1, sul1, tet(B)"
SRR25445076,2021,PRJNA999198,patient,Tunisian,2,"ant(3'')-IIa, aph(3'')-Ib, aph(6)-Id, armA, blaADC-73, blaOXA-23, blaOXA-66, catA1, mph(E), msr(E), qacEdelta1, sul1, tet(B)"
SRR25445077,2021,PRJNA999198,Bed,Tunisian,2,"ant(3'')-IIa, aph(3'')-Ib, aph(6)-Id, armA, blaADC-73, blaOXA-23, blaOXA-66, catA1, mph(E), msr(E), qacEdelta1, sul1, tet(B)"
SRR25445078,2021,PRJNA999198,Stethoscope,Tunisian,2,"ant(3'')-IIa, aph(3'')-Ib, aph(6)-Id, armA, blaADC-73, blaOXA-23, blaOXA-66, mph(E), msr(E), tet(B)"
SRR25445079,2021,PRJNA999198,Syringe driver,Tunisian,2,"ant(3'')-IIa, aph(3'')-Ib, aph(6)-Id, armA, blaADC-73, blaOXA-23, blaOXA-66, mph(E), msr(E), tet(B)"
SRR25445080,2021,PRJNA999198,Paramedical personnel,Tunisian,2,"ant(3'')-IIa, aph(3'')-Ib, aph(6)-Id, armA, blaADC-73, blaOXA-23, blaOXA-66, mph(E), msr(E), tet(B)"
SRR25445081,2021,PRJNA999198,patient,Tunisian,2,"ant(3'')-IIa, aph(3'')-Ib, aph(6)-Id, armA, blaADC-73, blaOXA-23, blaOXA-66, mph(E), msr(E), tet(B)"
SRR25445082,2021,PRJNA999198,patient,Tunisian,2,"ant(3'')-IIa, aph(3'')-Ib, aph(6)-Id, armA, blaADC-73, blaOXA-23, blaOXA-66, mph(E), msr(E), tet(B)"
SRR25445083,2021,PRJNA999198,Stethoscope,Tunisian,85,"ant(2'')-Ia, ant(3'')-IIa, aph(3')-VI, blaADC, blaNDM-1, blaOXA-94, ble, mph(E), msr(E), sul2, tet(39)"
SRR25445084,2021,PRJNA999198,patient,Tunisian,2,"ant(3'')-IIa, aph(3'')-Ib, aph(6)-Id, armA, blaADC-73, blaOXA-23, blaOXA-66, msr(E), tet(B)"
SRR25445085,2021,PRJNA999198,patient,Tunisian,2,"ant(3'')-IIa, aph(3'')-Ib, aph(6)-Id, armA, blaADC-73, blaOXA-23, blaOXA-66, mph(E), msr(E), tet(B)"
SRR25445086,2021,PRJNA999198,Care cart,Tunisian,2,"ant(3'')-IIa, aph(3'')-Ib, aph(6)-Id, armA, blaADC-73, blaOXA-23, blaOXA-66, mph(E), msr(E), tet(B)"
SRR25445087,2021,PRJNA999198,patient,Tunisian,2,"ant(3'')-IIa, aph(3'')-Ib, aph(6)-Id, armA, blaADC-73, blaOXA-23, blaOXA-66, mph(E), msr(E), tet(B)"
SRR25445088,2021,PRJNA999198,patient,Tunisian,2,"ant(3'')-IIa, aph(3'')-Ib, aph(6)-Id, armA, blaADC-73, blaOXA-23, blaOXA-66, mph(E), msr(E), tet(B)"
SRR25445089,2021,PRJNA999198,Care cart,Tunisian,2,"ant(3'')-IIa, aph(3'')-Ib, aph(6)-Id, armA, blaADC-73, blaOXA-23, blaOXA-66, mph(E), msr(E), tet(B)"
SRR25445090,2021,PRJNA999198,Syringe driver,Tunisian,2,"ant(3'')-IIa, aph(3'')-Ib, aph(6)-Id, armA, blaADC-73, blaOXA-23, blaOXA-66, mph(E), msr(E), tet(B)"
SRR25445091,2021,PRJNA999198,Refrigerator handle,Tunisian,2,"ant(3'')-IIa, aph(3'')-Ib, aph(6)-Id, armA, blaADC-73, blaOXA-23, blaOXA-66, mph(E), msr(E), tet(B)"
SRR25445092,2021,PRJNA999198,Medical personnel,Tunisian,2,"ant(3'')-IIa, aph(3'')-Ib, aph(6)-Id, armA, blaADC-73, blaOXA-23, blaOXA-66, mph(E), msr(E), tet(B)"
SRR25445093,2021,PRJNA999198,patient,Tunisian,2,"ant(3'')-IIa, aph(3'')-Ib, aph(6)-Id, armA, blaADC-73, blaOXA-23, blaOXA-66, mph(E), msr(E), tet(B)"
SRR25445094,2021,PRJNA999198,patient,Tunisian,85,"ant(2'')-Ia, ant(3'')-IIa, aph(3')-VI, blaADC-80, blaNDM-1, blaOXA-94, ble, mph(E), msr(E), sul2, tet(39)"
SRR25445095,2021,PRJNA999198,patient,Tunisian,2,"ant(2'')-Ia, ant(3'')-IIa, aph(3'')-Ib, aph(6)-Id, armA, blaADC-73, blaOXA-23, blaOXA-66, mph(E), msr(E), tet(B)"
SRR25445096,2021,PRJNA999198,patient,Tunisian,2,"ant(3'')-IIa, aph(3'')-Ib, aph(6)-Id, armA, blaADC-73, blaOXA-23, blaOXA-66, mph(E), msr(E), tet(B)"
SRR25445097,2021,PRJNA999198,patient,Tunisian,2,"ant(3'')-IIa, aph(3'')-Ib, aph(6)-Id, armA, blaADC-73, blaOXA-23, blaOXA-66, mph(E), msr(E), tet(B)"
SRR25445098,2021,PRJNA999198,patient,Tunisian,2,"ant(3'')-IIa, aph(3'')-Ib, aph(6)-Id, armA, blaADC-73, blaOXA-23, blaOXA-66, mph(E), msr(E), tet(B)"
SRR25445099,2021,PRJNA999198,Bed,Tunisian,2,"ant(3'')-IIa, aph(3'')-Ib, aph(6)-Id, armA, blaADC-73, blaOXA-23, blaOXA-66, mph(E), msr(E), tet(B)"
SRR25445100,2021,PRJNA999198,patient,Tunisian,2,"ant(3'')-IIa, aph(3'')-Ib, aph(6)-Id, armA, blaADC-73, blaOXA-23, blaOXA-66, mph(E), msr(E), tet(B)"
SRR25445101,2021,PRJNA999198,Respiratory assistance device,Tunisian,2,"ant(3'')-IIa, aph(3'')-Ib, aph(6)-Id, armA, blaADC-73, blaOXA-23, blaOXA-66, mph(E), msr(E), tet(B)"
SRR25445102,2021,PRJNA999198,Medical personnel,Tunisian,2,"ant(3'')-IIa, aph(3'')-Ib, aph(6)-Id, armA, blaADC-73, blaOXA-23, blaOXA-66, mph(E), msr(E), tet(B)"
SRR25445103,2021,PRJNA999198,Paramedical personnel,Tunisian,2,"ant(3'')-IIa, aph(3'')-Ib, aph(6)-Id, armA, blaADC-73, blaOXA-23, blaOXA-66, mph(E), msr(E), tet(B)"
SRR25445104,2021,PRJNA999198,Paramedical personnel,Tunisian,2,"ant(3'')-IIa, aph(3'')-Ib, aph(6)-Id, armA, blaADC-73, blaOXA-23, blaOXA-66, mph(E), msr(E), tet(B)"
SRR25445105,2021,PRJNA999198,Defibrilator,Tunisian,85,"ant(2'')-Ia, ant(3'')-IIa, aph(3')-VI, blaADC-80, blaNDM-1, blaOXA-94, ble, mph(E), msr(E), sul2, tet(39)"
SRR25445106,2021,PRJNA999198,Paramedical personnel,Tunisian,2,"ant(3'')-IIa, aph(3'')-Ib, aph(6)-Id, armA, blaADC-73, blaOXA-23, blaOXA-66, mph(E), msr(E), tet(B)"
SRR25445107,2021,PRJNA999198,Care cart,Tunisian,2,"ant(3'')-IIa, aph(3'')-Ib, aph(6)-Id, armA, blaADC-73, blaOXA-23, blaOXA-66, mph(E), msr(E), tet(B)"
SRR25445108,2021,PRJNA999198,Paramedical personnel,Tunisian,2,"ant(3'')-IIa, aph(3'')-Ib, aph(6)-Id, armA, blaADC-73, blaOXA-23, blaOXA-66, mph(E), msr(E), tet(B)"
SRR25445109,2021,PRJNA999198,Disinfectant dispenser,Tunisian,2,"ant(3'')-IIa, aph(3'')-Ib, aph(6)-Id, armA, blaADC-73, blaOXA-23, blaOXA-66, mph(E), msr(E), tet(B)"
SRR25445110,2021,PRJNA999198,ECG device,Tunisian,2,"ant(3'')-IIa, aph(3'')-Ib, aph(6)-Id, armA, blaADC-73, blaOXA-23, blaOXA-66, mph(E), msr(E), tet(B)"
SRR25445111,2021,PRJNA999198,patient,Tunisian,2,"ant(3'')-IIa, aph(3'')-Ib, aph(6)-Id, armA, blaADC-73, blaOXA-23, blaOXA-66, mph(E), msr(E), tet(B)"
SRR25445112,2021,PRJNA999198,IV pole,Tunisian,2,"ant(3'')-IIa, aph(3'')-Ib, aph(6)-Id, armA, blaADC-73, blaOXA-23, blaOXA-66, mph(E), msr(E), tet(B)"
SRR25445113,2021,PRJNA999198,Care cart,Tunisian,2,"ant(3'')-IIa, aph(3'')-Ib, aph(6)-Id, armA, blaADC-73, blaOXA-23, blaOXA-66, mph(E), msr(E), tet(B)"
SRR25445114,2021,PRJNA999198,Bed,Tunisian,2,"ant(3'')-IIa, aph(3'')-Ib, aph(6)-Id, armA, blaADC-73, blaOXA-23, blaOXA-66, mph(E), msr(E), tet(B)"
SRR25445115,2021,PRJNA999198,patient,Tunisian,2,"ant(3'')-IIa, aph(3'')-Ib, aph(6)-Id, armA, blaADC-73, blaOXA-23, blaOXA-66, mph(E), msr(E), tet(B)"
SRR25445116,2021,PRJNA999198,Soap dispenser,Tunisian,85,"ant(2'')-Ia, ant(3'')-IIa, aph(3')-VI, blaADC-80, blaNDM-1, blaOXA-94, ble, mph(E), msr(E), sul2, tet(39)"
SRR25445117,2021,PRJNA999198,Stethoscope,Tunisian,2,"ant(3'')-IIa, aph(3'')-Ib, aph(6)-Id, armA, blaADC-73, blaOXA-23, blaOXA-66, mph(E), msr(E), tet(B)"
SRR25445118,2021,PRJNA999198,Paramedical personnel,Tunisian,2,"ant(3'')-IIa, aph(3'')-Ib, aph(6)-Id, armA, blaADC-73, blaOXA-23, blaOXA-66, mph(E), msr(E), tet(B)"
SRR25445119,2021,PRJNA999198,Bed,Tunisian,2,"ant(3'')-IIa, aph(3'')-Ib, aph(6)-Id, armA, blaADC-73, blaOXA-23, blaOXA-66, mph(E), msr(E), tet(B)"
SRR25445120,2021,PRJNA999198,Defibrilator,Tunisian,2,"ant(3'')-IIa, aph(3'')-Ib, aph(6)-Id, armA, blaADC-73, blaOXA-23, blaOXA-66, catA1, mph(E), msr(E), tet(B)"
SRR25445121,2021,PRJNA999198,Care cart,Tunisian,2,"ant(3'')-IIa, aph(3'')-Ib, aph(6)-Id, armA, blaADC-73, blaOXA-23, blaOXA-66, catA1, mph(E), msr(E), tet(B)"
SRR25445122,2021,PRJNA999198,Care cart,Tunisian,2,"ant(3'')-IIa, aph(3'')-Ib, aph(6)-Id, armA, blaADC-73, blaOXA-23, blaOXA-66, catA1, mph(E), msr(E), tet(B)"
SRR25445123,2021,PRJNA999198,Soap dispenser,Tunisian,2,"ant(3'')-IIa, aph(3'')-Ib, aph(6)-Id, armA, blaADC-73, blaOXA-23, blaOXA-66, catA1, mph(E), msr(E), tet(B)"
SRR25445124,2021,PRJNA999198,Furniture surface,Tunisian,2,"ant(3'')-IIa, aph(3'')-Ib, aph(6)-Id, armA, blaADC-73, blaOXA-23, blaOXA-66, catA1, mph(E), msr(E), tet(B)"
SRR25445125,2021,PRJNA999198,patient,Tunisian,2,"ant(3'')-IIa, aph(3'')-Ib, aph(6)-Id, armA, blaADC-73, blaOXA-23, blaOXA-66, catA1, mph(E), msr(E), tet(B)"
SRR25445126,2021,PRJNA999198,Furniture surface,Tunisian,2,"ant(3'')-IIa, aph(3'')-Ib, aph(6)-Id, armA, blaADC-73, blaOXA-23, blaOXA-66, catA1, mph(E), msr(E), tet(B)"
SRR25445127,2021,PRJNA999198,Furniture surface,Tunisian,85,"ant(2'')-Ia, ant(3'')-IIa, aph(3')-VI, blaADC-80, blaNDM-1, blaOXA-94, ble, mph(E), msr(E), sul2, tet(39)"
SRR25445128,2021,PRJNA999198,Care cart,Tunisian,85,"ant(2'')-Ia, ant(3'')-IIa, aph(3')-VI, blaADC-80, blaNDM-1, blaOXA-94, ble, mph(E), msr(E), sul2, tet(39)"
SRR28167554,2021,PRJNA1082310,Blood,Bostwana,1,"aac(3)-Ia, aadA1, ant(3'')-IIa, aph(3'')-Ib, aph(3')-Ia, aph(6)-Id, armA, arr-2, blaADC, blaNDM-1, blaOXA-23, blaOXA-69, ble, cmlA5, dfrA1, mph(E), msr(E), qacEdelta1, sat2, sul1, sul2, tet(B)"
SRR28167555,2021,PRJNA1082310,Blood,Bostwana,1,"aac(3)-Ia, aadA1, ant(3'')-IIa, aph(3'')-Ib, aph(3')-Ia, aph(6)-Id, armA, arr-2, blaADC, blaNDM-1, blaOXA-23, blaOXA-69, ble, cmlA5, dfrA1, mph(E), msr(E), qacEdelta1, sat2, sul1, sul2, tet(B)"
SRR28167556,2021,PRJNA1082310,Blood,Bostwana,1,"aac(3)-Ia, aadA1, ant(3'')-IIa, aph(3'')-Ib, aph(3')-Ia, aph(6)-Id, armA, arr-2, blaADC, blaNDM-1, blaOXA-23, blaOXA-69, ble, cmlA5, dfrA1, mph(E), msr(E), qacEdelta1, sat2, sul1, sul2, tet(B)"
SRR28167557,2021,PRJNA1082310,Sink basin,Bostwana,152,"ant(3'')-IIa, blaADC-277, blaOXA-64"
SRR28167558,2021,PRJNA1082310,Blood,Bostwana,193,"ant(3'')-IIa, blaADC-156, blaOXA-120"
SRR28167559,2021,PRJNA1082310,Blood,Bostwana,1,"aac(3)-Ia, aadA1, ant(3'')-IIa, aph(3'')-Ib, aph(3')-Ia, aph(6)-Id, armA, arr-2, blaADC, blaNDM-1, blaOXA-23, blaOXA-69, ble, cmlA5, dfrA1, mph(E), msr(E), qacEdelta1, sat2, sul1, sul2, tet(B)"
SRR28167560,2021,PRJNA1082310,Blood,Bostwana,1,"aac(3)-Ia, aadA1, ant(3'')-IIa, aph(3'')-Ib, aph(3')-Ia, aph(6)-Id, armA, arr-2, blaADC, blaNDM-1, blaOXA-23, blaOXA-69, ble, cmlA5, dfrA1, mph(E), msr(E), qacEdelta1, sat2, sul1, sul2, tet(B)"
SRR28167561,2022,PRJNA1082310,Blood,Bostwana,1,"aac(3)-Ia, aadA1, ant(3'')-IIa, aph(3'')-Ib, aph(6)-Id, armA, arr-2, blaADC, blaNDM-1, blaOXA-23, blaOXA-69, ble, cmlA5, dfrA1, mph(E), msr(E), qacEdelta1, sat2, sul1, sul2, tet(B)"
SRR28167562,2022,PRJNA1082310,Blood,Bostwana,1,"aac(3)-Ia, aadA1, ant(3'')-IIa, aph(3'')-Ib, aph(3')-Ia, aph(6)-Id, armA, arr-2, blaADC, blaNDM-1, blaOXA-23, blaOXA-69, ble, cmlA5, dfrA1, mph(E), msr(E), qacEdelta1, sat2, sul1, sul2, tet(B)"
SRR28167563,2022,PRJNA1082310,Blood,Bostwana,976,"ant(3'')-IIa, blaADC-105, blaOXA-104"
SRR28167564,2021,PRJNA1082310,Blood,Bostwana,1,"aac(3)-Ia, aadA1, ant(3'')-IIa, aph(3'')-Ib, aph(3')-Ia, aph(6)-Id, armA, arr-2, blaADC, blaNDM-1, blaOXA-23, blaOXA-69, ble, cmlA5, dfrA1, mph(E), msr(E), qacEdelta1, sat2, sul1, sul2, tet(B)"
SRR28167565,2022,PRJNA1082310,Blood,Bostwana,1,"aac(3)-Ia, aadA1, ant(3'')-IIa, aph(3'')-Ib, aph(3')-Ia, aph(6)-Id, armA, arr-2, blaADC, blaNDM-1, blaOXA-23, blaOXA-69, ble, cmlA5, dfrA1, mph(E), msr(E), qacEdelta1, sat2, sul1, sul2, tet(B)"
SRR28167566,2022,PRJNA1082310,Blood,Bostwana,1,"aac(3)-Ia, aadA1, ant(3'')-IIa, aph(3'')-Ib, aph(6)-Id, armA, arr-2, blaADC, blaNDM-1, blaOXA-23, blaOXA-69, ble, cmlA5, dfrA1, mph(E), msr(E), qacEdelta1, sat2, sul1, sul2, tet(B)"
SRR28167567,2021,PRJNA1082310,Blood,Bostwana,1,"aac(3)-Ia, aadA1, ant(3'')-IIa, aph(3'')-Ib, aph(6)-Id, armA, arr-2, blaADC, blaNDM-1, blaOXA-23, blaOXA-69, ble, cmlA5, dfrA1, mph(E), msr(E), qacEdelta1, sat2, sul1, sul2, tet(B)"
SRR28167569,2022,PRJNA1082310,Blood,Bostwana,-,"ant(3'')-IIa, blaADC, blaOXA-314"
SRR28167570,2021,PRJNA1082310,Blood,Bostwana,1,"aac(3)-Ia, aadA1, ant(3'')-IIa, aph(3'')-Ib, aph(6)-Id, blaADC, blaNDM-1, blaOXA-23, blaOXA-69, ble, dfrA1, qacEdelta1, sat2, sul1, sul2, tet(B)"
SRR28167571,2021,PRJNA1082310,Blood,Bostwana,1,"aac(3)-Ia, aadA1, ant(3'')-IIa, aph(3'')-Ib, aph(6)-Id, armA, arr-2, blaADC, blaNDM-1, blaOXA-23, blaOXA-69, ble, cmlA5, dfrA1, mph(E), msr(E), qacEdelta1, sat2, sul1, sul2, tet(B)"
SRR28167572,2022,PRJNA1082310,Blood,Bostwana,1,"aac(3)-Ia, aadA1, ant(3'')-IIa, aph(3'')-Ib, aph(3')-Ia, aph(6)-Id, armA, arr-2, blaADC, blaNDM-1, blaOXA-23, blaOXA-69, ble, cmlA5, dfrA1, mph(E), msr(E), qacEdelta1, sat2, sul1, sul2, tet(B)"
SRR28167573,2022,PRJNA1082310,Blood,Bostwana,1,"aac(3)-Ia, aadA1, ant(3'')-IIa, aph(3'')-Ib, aph(3')-Ia, aph(6)-Id, armA, arr-2, blaADC, blaNDM-1, blaOXA-23, blaOXA-69, ble, cmlA5, dfrA1, mph(E), msr(E), qacEdelta1, sat2, sul1, sul2, tet(B)"
SRR28167574,2022,PRJNA1082310,Blood,Bostwana,1,"aac(3)-Ia, aadA1, ant(3'')-IIa, aph(3'')-Ib, aph(3')-Ia, aph(6)-Id, armA, arr-2, blaADC, blaNDM-1, blaOXA-23, blaOXA-69, ble, cmlA5, dfrA1, mph(E), msr(E), qacEdelta1, sat2, sul1, sul2, tet(B)"
SRR28167575,2022,PRJNA1082310,Blood,Bostwana,1,"aac(3)-Ia, aadA1, ant(3'')-IIa, aph(3'')-Ib, aph(6)-Id, armA, arr-2, blaADC, blaNDM-1, blaOXA-23, blaOXA-69, ble, cmlA5, dfrA1, mph(E), msr(E), qacEdelta1, sat2, sul1, sul2"
SRR28167576,2022,PRJNA1082310,Blood,Bostwana,1,"aac(3)-Ia, aadA1, ant(3'')-IIa, aph(3'')-Ib, aph(6)-Id, armA, arr-2, blaADC, blaNDM-1, blaOXA-23, blaOXA-69, ble, cmlA5, dfrA1, mph(E), msr(E), qacEdelta1, sat2, sul1, sul2, tet(B)"
SRR28167577,2022,PRJNA1082310,Blood,Bostwana,1438,"ant(3'')-IIa, blaADC-57, blaOXA-65"
SRR28167578,2021,PRJNA1082310,Blood,Bostwana,1,"aac(3)-Ia, aadA1, ant(3'')-IIa, aph(3'')-Ib, aph(3')-Ia, aph(6)-Id, armA, arr-2, blaADC, blaNDM-1, blaOXA-23, blaOXA-69, ble, cmlA5, dfrA1, mph(E), msr(E), qacEdelta1, sat2, sul1, sul2, tet(B)"
SRR28167579,2021,PRJNA1082310,Hand swab,Bostwana,1,"aac(3)-Ia, aadA1, ant(3'')-IIa, aph(3'')-Ib, aph(3')-Ia, aph(6)-Id, armA, arr-2, blaADC, blaNDM-1, blaOXA-23, blaOXA-69, ble, cmlA5, dfrA1, mph(E), msr(E), qacEdelta1, sat2, sul1, sul2, tet(B)"
SRR28167581,2021,PRJNA1082310,Environmental swab,Bostwana,1,"aac(3)-Ia, aadA1, ant(3'')-IIa, aph(3'')-Ib, aph(3')-Ia, aph(6)-Id, armA, arr-2, blaADC, blaNDM-1, blaOXA-23, blaOXA-69, ble, cmlA5, dfrA1, mph(E), msr(E), qacEdelta1, sat2, sul1, sul2, tet(B)"
SRR28167582,2021,PRJNA1082310,Sink basin,Bostwana,1,"aac(3)-Ia, aadA1, ant(3'')-IIa, aph(3'')-Ib, aph(3')-Ia, aph(6)-Id, armA, arr-2, blaADC, blaNDM-1, blaOXA-23, blaOXA-69, ble, cmlA5, dfrA1, mph(E), msr(E), qacEdelta1, sat2, sul1, sul2, tet(B)"
SRR28167584,2021,PRJNA1082310,Sink plumbing trap,Bostwana,152,"ant(3'')-IIa, blaADC-277, blaOXA-64"
SRR28824822,2007,PRJNA835506,Carriage,,1,"aac(3)-Ia, aadA1, ant(3'')-IIa, aph(3')-VIa, blaADC-11, blaOXA-23, blaOXA-69, catA1, qacEdelta1, sul1, tet(A)"
SRR8618098,2015,PRJNA411997,urethral swab,Ghana,164,"ant(2'')-Ia, ant(3'')-IIa, blaADC-52, blaCARB-16, blaOXA-91, sul2, tet(39)"
SRR8618099,2015,PRJNA411997,Urine,Ghana,164,"ant(2'')-Ia, ant(3'')-IIa, blaADC-52, blaCARB-16, blaOXA-91, sul2, tet(39)"
SRR9017260,2019,PRJNA526336,sputum,Sudan,164,"ant(3'')-IIa, blaADC-52, blaOXA-91"
